r,z,T (K)
0.0010923213751403583,-0.008912130079477115,313.2380677366793
0,-0.01,293.6
0.0015900000000000016,-0.01,293.6
0,-0.008001551814866212,317.93510349675205
0.0024182857745394565,-0.008780276900156746,308.13631749203046
0.0031799999999999997,-0.01,293.6
0.003958616586725416,-0.008737148329617913,300.9548137551137
0.004769999999999999,-0.01,293.6
0.005520183232921507,-0.008701877020692078,298.27661808675845
0.006360000000000001,-0.01,293.6
0.001401891783819312,-0.007303361536051967,312.48241741195915
0,-0.005915915751298009,321.9156861486591
0.007093454210464242,-0.008682442034373598,296.477434627362
0.00795,-0.01,293.6
0.0012968154991930424,-0.005017684982778315,313.54692940455374
0,-0.003830279687729805,326.9845431141448
0.008689079452833724,-0.008677220591505922,294.12099665542974
0.009540000000000002,-0.010000000000000002,293.6
0.01029398598824756,-0.008683442775516028,294.76673622184074
0.01113,-0.009999999999999998,293.6
0.011888406191798205,-0.008714349954441716,296.0797279250617
0.012720000000000002,-0.01,293.6
0.0011509662012317522,-0.003325379956622414,319.374696567573
0,-0.002690892428126992,334.57493692460787
0.01346354992057357,-0.008795226569717613,297.33636615564905
0.014310000000000002,-0.010000000000000002,293.6
0.014804263025004923,-0.008912858532110976,297.76296331110086
0.0159,-0.01,293.6
0,-0.0016801682620822378,344.3088464902391
0.0010867422997792426,-0.0021266632162769286,328.6739840199078
0.0159,-0.007985573045485734,298.01904061826275
0,-9.267702831536007E-4,349.1402945299669
0.001136447555748947,-0.0012787543078173452,341.46843513156506
0.014505862966828301,-0.007323624615350799,298.0523077884856
0.0159,-0.00597114628910594,298.0404964347394
8.51378266656291E-4,-7.21796770379055E-4,348.794111916177
0,-4.518095836649938E-4,350.28900376081157
0.014627297811796218,-0.005006321802343763,298.019378109889
0.0159,-0.004085027144594982,297.97096207809733
0.0159,-0.002903618811893188,298.00186211465893
0.014650317866333381,-0.003243303084925782,298.01999439626064
0.0159,-0.0017222104791913928,297.8507613639877
0.014651459639085566,-0.0020160982222032263,297.9162940825986
0.0159,-9.123081016219635E-4,297.18523488984187
0.015026833672427202,-0.0011429268966495034,297.38376217902015
0.0159,-4.411146820844299E-4,295.98232807462256
0.015169366190486528,-6.441239309885479E-4,296.5329397836331
0.00325402734090024,-0.007547392432696801,299.17525486020253
0.004714402100226416,-0.007420581597051453,295.8505203973729
0.006221715916001701,-0.0073635171496785395,296.15001583490965
0.004008534147225701,-0.006283433466562674,295.6710761160697
0.0027645241365675255,-0.005726144674243794,299.353113914075
0.00527697963100684,-0.0055579033195137925,295.277667308062
0.007921333709290298,-0.007317965857565816,294.77746770826474
0.007009024370914051,-0.005702242421075537,295.1780108011554
0.003931534952989266,-0.004739152890689175,295.2358195027604
0.0024783648967623426,-0.004115534162035296,300.3903533105591
0.00483328877147456,-0.003978393594209732,295.1226451868328
0.009436564988456126,-0.007160741313502228,295.2042217637366
0.006179569419400888,-0.003917710035060667,295.2183226518669
0.008531180045109839,-0.005421575820347059,295.0560228015915
0.0076484129439847994,-0.004097118348868298,295.03093022792245
0.0022303967736106035,-0.0027576786414154914,305.74826328186344
0.011062307068551722,-0.007077930883913357,296.8354981712436
0.012631947878177233,-0.007248060098902082,297.7863192309928
0.003565348867594879,-0.0031213328693322964,295.9401831389728
0.0045849945950401415,-0.0028582635981075698,295.1571704621516
0.005374494186573255,-0.003094425561289884,295.11830940914246
0.010173703232368346,-0.005297643631449574,296.56854033898503
0.006127149489661204,-0.002651973080268811,295.1562526203882
0.0069997029533512166,-0.003114722347028592,295.1014530791538
0.009175688833179015,-0.003614697081253131,295.6061566449295
0.007995312041953787,-0.0028117623884448065,295.10837324725526
0.0020430989293528843,-0.0016761177797850763,317.26260319306016
0.003057859446942521,-0.0021810438644409395,301.25905338312316
0.011946323987180188,-0.005090679537764999,297.8278879643226
0.013387235830275174,-0.005673250509510753,298.0405588706404
0.004005267523381234,-0.0021498459620363335,295.75493803001336
0.005147468657289481,-0.002065787498802641,295.01922156053337
0.00610116036849262,-0.0019084113546231928,295.10813014098187
0.010781757912019756,-0.0036361602985295824,296.99542934336426
0.010031101625015543,-0.0027495079439672928,296.0822744598951
0.007060228286107952,-0.00212326369570746,295.102922159806
0.00802361396269018,-0.0019199078832849183,295.0932549688627
0.009048881309476644,-0.002171879746385155,295.3881189170874
0.010069679727231665,-0.001990187731424743,295.84229244262724
0.002062537151614542,-0.0011239029303931516,329.98493007012013
0.003216358422624387,-0.001412375597735383,305.6533377732721
0.001925634638272324,-7.87979769545591E-4,343.8226933984077
0.012141759600021252,-0.003302788156186601,297.73790208218264
0.0133359361939178,-0.0040750394639955554,298.01806710057963
0.001041666666666666,-4.518095836649937E-4,353.3671282228774
0.004467266056863436,-0.0013580080200844245,296.4830514089552
0.005573474429592943,-0.0013407353122025295,294.9687516988195
0.006597480979811519,-0.001360297186134522,295.09697795122065
0.01107950034317064,-0.0023346148622438536,296.75400822380385
0.012309151876277928,-0.0021017512609894646,297.33718800382843
0.007612825430367249,-0.0013828917163939483,295.08906399509124
0.008521459715129895,-0.0012992090009502151,295.169328528627
0.009564885478269043,-0.001311240444047255,295.3917753678909
0.01057602364601933,-0.001443548519221872,295.8879913035236
0.002989868194524708,-8.448743139429016E-4,324.47551689646843
0.00408133569848525,-8.576778479521713E-4,306.81490179042163
0.0020833333333333333,-4.655273530208249E-4,353.520989128163
0.013397887287561194,-0.0025784835135961508,297.9015414110804
0.013026398141930823,-0.0017393812492092799,297.39271638754997
0.01366684805079708,-0.0016980945564942015,297.5542060035811
0.005185351222399239,-8.536053465397398E-4,297.19407650909903
0.006198585634991642,-8.591628897417029E-4,294.827895755021
0.007255846006501367,-8.722494298532256E-4,295.0427161178646
0.013300116043653703,-0.0013616963980347297,297.1805334755621
0.011634195746678637,-0.0014713563691698222,296.5230861807186
0.012574777964948826,-0.0013356627205112026,296.84815836629485
0.008286253032457742,-8.902344100114587E-4,295.16550004011475
0.009319327137726898,-9.137842812500196E-4,295.2661759543749
0.010069066966325091,-9.24964195634963E-4,295.4036268056852
0.011128963367890899,-9.129688358173673E-4,295.7603682127747
0.003124999999999998,-4.77425500512348E-4,338.76067005315355
0.004166666666666665,-4.8652878503826157E-4,318.68398192831893
0.014021278067688426,-0.0012202640739537953,297.2898872203923
0.005208333333333332,-4.936623682299872E-4,303.17062167062227
0.0062499999999999995,-5.001093402219629E-4,295.99440888954206
0.007291666666666667,-5.072972071957834E-4,295.37077606676695
0.013204323127173161,-8.658376652029275E-4,296.4634880960045
0.012151778893170505,-8.824720375777603E-4,296.1696790444005
0.008333333333333333,-5.149621341212932E-4,295.2942351615277
0.009375000000000001,-5.240969169485158E-4,295.3396544402758
0.010416666666666668,-5.213250840441183E-4,295.19750133367836
0.011458333333333334,-5.046390282528535E-4,295.34072359767265
0.013848285726218301,-7.504169104689672E-4,296.4621554974219
0.014458872570499715,-8.250463963774008E-4,296.7366271241213
0.013349999999999999,-4.561912908484343E-4,296.05601489619477
0.012499999999999999,-4.8041515955064395E-4,295.97112296314737
0.014199999999999997,-4.355034011600354E-4,296.03615521925684
0.01505,-4.3062027122594014E-4,295.97311318605847
0,-2.0536799257499737E-4,351.52637516011214
0.001041666666666666,-2.0536799257499713E-4,355.7518239756104
0,0,365.787418645015
0.001041666666666666,0,365.7671299299615
0.0020833333333333333,-2.1160334228219314E-4,353.7390524825551
0.0020833333333333333,0,365.7067089538941
0.003124999999999998,-2.1701159114197638E-4,363.7556287721842
0.003124999999999998,0,365.60358763327605
0.004166666666666665,-2.2114944774466436E-4,348.5000347009868
0.004166666666666665,0,365.44454863463983
0.005208333333333332,-2.2439198555908505E-4,327.8931083588275
0.005208333333333332,0,365.2216283309394
0.0062499999999999995,-2.2732242737361953E-4,308.9349869797567
0.0062499999999999995,0,364.90975502724035
0.007291666666666667,-2.3058963963444698E-4,294.4124457438765
0.007291666666666667,0,364.4549908306851
0.008333333333333333,-2.3407369732786053E-4,296.6201162228737
0.008333333333333333,0,363.82980079751064
0.009375000000000001,-2.3822587134023443E-4,298.3386408454345
0.009375000000000001,0,363.2571528741545
0.010416666666666668,-2.369659472927811E-4,296.03304289845096
0.010416666666666668,0,362.9279922801468
0.011458333333333334,-2.2938137647856975E-4,293.91837263399464
0.011458333333333334,0,362.76268686906513
0.012499999999999999,-2.1837052706847452E-4,291.3010075689169
0.012499999999999999,0,362.54478552960336
0.013349999999999999,-2.0735967765837926E-4,292.52294743770534
0.013349999999999999,0,340.7392608077757
0.01505,-1.9573648692088188E-4,294.11436887945587
0.0159,-2.0050667367474086E-4,294.9929652620249
0.014199999999999997,-1.9795609143637974E-4,293.3927342226244
0.014199999999999997,0,330.5353397321183
0.01505,0,325.6319239405942
0.0159,0,323.3344921442362
0.0016048348125422022,7.895457010086678E-4,365.7713503498365
7.497627886139973E-4,7.216712149331931E-4,365.8050462453122
0,0.0011225062805193425,365.85341452250105
0.002579023936339355,8.156207097083759E-4,365.69748036041864
0.0010658710015787188,0.0017377847516718218,365.89639601214975
0,0.0023638827091462043,366.02564198014807
0.003594167833860029,9.142279674374534E-4,365.5822833122352
0.004645894010040095,0.0010036969406669609,365.4121507211089
0.0011272880832307686,0.0030944331729197295,366.14304296991367
0,0.003736717289388174,366.3250031190469
0.005717802913726275,0.0010033559150816466,365.16629662615327
0.0067032030626846826,8.952976297989651E-4,364.8528744753144
0.007836592716811676,9.029057772368374E-4,364.4203759661625
0.01177983418010841,7.157839930266043E-4,363.2194102605546
0.008870778687101516,9.845164951801497E-4,364.05520270271313
0.009921090313096608,0.0010163038170621403,363.75172981327665
0.010949118432481081,8.375467639123735E-4,363.4244818741667
0.001244547542230531,0.004527025605503923,366.5160900061716
0,0.005254930430446609,366.7673765816401
0.012500000000000002,0.0010875380036495404,363.4305712353235
0.001317049259397943,0.006075194718115595,367.02311147597084
0,0.0069339175565459295,367.359941101749
0.011636898163367377,0.001643887306261479,363.8742729557758
0.012500000000000002,0.0022866537186635614,364.24171954973355
0.0015598783041060932,0.007821057960553199,367.6854343503492
0,0.008790704405168022,368.10208422054603
0.011493182418359572,0.0029096734923971072,364.67869221230643
0.012500000000000002,0.0036087941902729725,365.0443169042669
0.0019241166946950424,0.00979232666460227,368.51003894701756
0,0.010844118717131961,368.9898735459545
0.011310012649412591,0.004265837772585629,365.4631723624052
0.012500000000000002,0.005035170044288665,365.8390619076599
0,0.01311498350049612,370.0224761073311
0.0020535480123549587,0.012011747419426856,369.50284747313526
0.012500000000000002,0.00657151581231864,366.64563971950594
0.011103608207034783,0.00579354520155672,366.2839490320036
0,0.01562632539878871,371.20254426988754
0.0021866428787717562,0.014468476483919517,370.6459567677412
0.012500000000000002,0.008269355036496354,367.5022115875394
0.010946031622707074,0.007316252038460542,367.06073017257427
0.012500000000000002,0.010087078510997579,368.39921700582045
0.010778549230314256,0.009155152622655255,367.97322475487675
0,0.01840361064253567,372.5367691358226
0.0023759641495570464,0.017094663974170178,371.8982547576043
0.012500000000000002,0.012087573099940506,369.37547602282416
0.010646731943062239,0.011040276690227092,368.8928291097811
0.002556352677461501,0.019909642274229433,373.2638830453757
0,0.021475001735099936,374.0362915070238
0.012500000000000002,0.014297021337842884,370.45054512950327
0.010549887279711416,0.013166114117496078,369.9250277608441
0.012500000000000002,0.01683046299106138,371.6855196300782
0.010190282488327951,0.015574824603620644,371.0981383134471
0.0028557783166437162,0.023025817384459125,374.7951260318491
0,0.024871643268302948,375.71675346180024
0.012500000000000002,0.019644659691357116,373.0647307593211
0.00992923761042942,0.018227695584857817,372.3941772910346
0,0.028627978474378476,377.59700167572464
0.003682861764614447,0.026785109886534,376.6635880258788
0.00995661752481742,0.02114891040571417,373.8287075361364
0.012500000000000002,0.022747568168736822,374.59724340365227
0.0032438493508769846,0.031177894909098714,378.8787861246962
0,0.03278209787631888,379.7001785715665
0.012500000000000002,0.02616880800286083,376.3016846446455
0.00911863000354483,0.0243904348084829,375.4414090262149
0.0031796540563436425,0.03559066629351054,381.13043214182267
0,0.03736181716936315,382.04744776075836
0.009562386493227094,0.02783560697914297,377.1613759077143
0.0125,0.029941035819367415,378.19985760841064
0.0031812605005562006,0.04017338246750688,383.4972177754841
0,0.0421868009067759,384.55218856113555
0.00946923687816797,0.03192536069817171,379.22942342693426
0.012500000000000002,0.03409897223495419,380.3142431979574
0.0031804660363840232,0.04490560494423261,385.97189027880864
0,0.04703845089763947,387.103713816229
0.009419279972210091,0.03625426050978966,381.44303234801055
0.012500000000000002,0.03864699299810528,382.65368139756896
0.0031739122275241663,0.04968753514840653,388.5048582136596
0,0.051890100769405256,389.6891219836701
0.0031700557783279006,0.054456206345266114,391.06424123153096
0,0.056741750641171054,392.31002266286333
0.003162993172479681,0.05924536430205647,393.670042411487
0,0.06159340051293684,394.9682666272575
0.009393628468463894,0.040805431788731174,383.7976269289133
0.012500000000000002,0.043340032569605384,385.09701625199096
0.003175810541812199,0.06395527016829615,396.26936384861625
0,0.06644505038470264,397.6664633776448
0.0031067725819982983,0.06869533153394194,398.924469029852
0,0.0712967002564684,400.40817687856
0.00940205651800866,0.04545403835111701,386.2317620353246
0.012500000000000002,0.04804752849840472,387.5782358290533
0.0029405786991373033,0.07790508862207243,404.2020402632735
0,0.081,406
0,0.07614835012823419,403.190158450699
0.003917693353226957,0.0735877311145202,401.70758999672904
0.009400400064699596,0.05015317167993699,388.72323504737
0.012500000000000002,0.052755024427204034,390.09069068805076
0.0041666666666666675,0.081,406
0.00939841476656429,0.05487828665059502,391.2608461297027
0.012500000000000004,0.05746252035600337,392.63570848985654
0.009402067167280493,0.05959828089482263,393.8297058380712
0.012500000000000002,0.0621700162848027,395.2151200170886
0.009423894228460065,0.06431913695871817,396.4350497398281
0.012500000000000002,0.06687751221360203,397.83152128438337
0.0062769240597152,0.07750998076695692,403.96349927571305
0.008333333333333333,0.081,406
0.008674293633982843,0.0737562449115758,401.77527319437917
0.012500000000000002,0.07158500814240135,400.4883278400194
0.012500000000000004,0.07629250407120068,403.1951429650066
0.009541679965286952,0.06915697122660178,399.14490568251455
0.00952731651753108,0.07801684628694405,404.2421544730079
0.012499999999999999,0.081,406
0.002109351148721141,0.0014621975297386155,365.80310754986743
0.002112402544784553,0.002423433771326827,365.9536810852342
0.002957321572419105,0.001730338048337492,365.7604957172925
0.004048954220264,0.0019392717023060555,365.6562033785237
0.005207215683277212,0.0020790393668549214,365.4883117727534
0.0023608973876355593,0.0037360206033243606,366.2403570554525
0.0033061412140369534,0.0028522882191464607,365.93990711705356
0.006292171393022329,0.002042101553169033,365.2465701983928
0.007299554314100273,0.0016679278002789395,364.8690387522606
0.008277486760486672,0.001966790217975349,364.7106012161862
0.009470891185481965,0.002004811348213857,364.4342979409915
0.01066667894161682,0.0020321076144462313,364.2396681640752
0.0045906055425771015,0.003122890186291829,365.8557284127337
0.005925036119197356,0.003184735454662321,365.6744737787521
0.002664718818796869,0.005180947974643927,366.66447395902446
0.003789423739982511,0.004221424425405949,366.27029048737495
0.007372504167290347,0.002984631949016699,365.3363885450885
0.008735337474961049,0.002901472947641064,365.04287170121535
0.010038931193642568,0.0034219096139691983,365.1132496583104
0.005270867510205676,0.004460416676868789,366.20476420739595
0.00681685241881147,0.0044193329957726525,366.00730238404816
0.002638068940123305,0.006592843141195811,367.1741760423225
0.0042584109874439224,0.006030155824957964,366.8747112570159
0.008516404846656153,0.004351412501647719,365.76252341231253
0.010092970430276668,0.004799061174218369,365.83010858136936
0.006157224577220974,0.005883643560709143,366.6771370402692
0.007659253394017358,0.005651200327055721,366.45053859701045
0.003659798119019734,0.008194815618728556,367.7815211958045
0.005475824851345425,0.007324319430232537,367.335089196136
0.009323369394363965,0.006180503860101924,366.5735732018214
0.0074829253842110316,0.007421212168524937,367.26861908779125
0.00947874079681564,0.007933777604943444,367.41821336275336
0.003981209344035433,0.010688470094442752,368.8726689841564
0.005860141373898727,0.009199837109739845,368.1493151154056
0.008550642571030876,0.009791731770878059,368.3388043280008
0.004229319156627521,0.013162109055968513,370.0135544466239
0.006612701079030784,0.011838719732969127,369.35392221684754
0.009001312577316884,0.011954010019395068,369.363902135543
0.004553749755689806,0.01582820939626074,371.2768988068394
0.0061954229882438296,0.0141862525584664,370.4748985065826
0.008318049895571352,0.013894691806172435,370.30721765292174
0.004959039585419213,0.018331719649286995,372.48423705793266
0.007371277573899164,0.016484943001751746,371.5689719947572
0.005181566284678002,0.021128167141694215,373.85060528147324
0.007508432267456298,0.019579199437378698,373.07609429779865
0.005849673465660018,0.02397827569507063,375.25633398269997
0.007433504033335817,0.021928247391670114,374.23223585012175
0.00698844713077725,0.02647224032791152,376.49389277833035
0.006484869855546201,0.029618854959905263,378.0783358406414
0.0063500896637970275,0.033802117942620384,380.20343516271146
0.006303647869637272,0.038245670285246454,382.4871349271484
0.006298404104088613,0.04284769099428894,384.8807846564145
0.006312861437592068,0.047553676913188535,387.35899626567783
0.006291703600551002,0.052289382216646044,389.8851455308338
0.0062963109696281775,0.057011345120167575,392.4372996772643
0.006293781906159347,0.06174838079718398,395.0331993289762
0.0063016153572954675,0.06636088733904283,397.5979410796288
0.006314690170608926,0.07029863353724765,399.8180766881268
0.013350634827786149,6.368020503726284E-4,347.33099448289994
0.014404385654873305,0.0010666278843064997,339.1870130858877
0.013417813429862077,0.0017283811679919816,352.6361805637047
0.03525850137753813,8.052989587949287E-4,302.0669210435041
0.034757142857142855,0,300.53825402156264
0.0358047619047619,0,300.25963200151796
0.015809589213009227,7.041383918150464E-4,328.7148656886841
0.016575492547959283,6.860382984872693E-4,326.49428470416296
0.016947619047619048,0,322.2316792614369
0.01759495235836485,7.595765770588432E-4,324.7378042986131
0.017995238095238095,0,321.43378771838945
0.036256351947756234,7.514785532627716E-4,301.6824446850565
0.03685238095238096,0,299.9750748213453
0.03713988427689665,7.204590754255095E-4,301.41431585965285
0.0379,0,299.73132974893264
0.01349781996562516,0.002965043931232374,355.473025838433
0.03422208119481632,8.787764326525573E-4,302.5457366914856
0.03370952380952381,0,300.81318280037254
0.03314699097265197,8.784629216100511E-4,302.942327909428
0.03266190476190476,0,301.1138429202216
0.03161428571428571,0,301.53849836697646
0.032034014098482694,9.57317949243548E-4,303.65244889248567
0.030566666666666666,0,302.3086966806745
0.03102147107121248,9.748534380598717E-4,304.3688973009775
0.01859501800587012,8.419774593136204E-4,323.2428529374554
0.019042857142857146,0,320.1945556581029
0.0379,0.0011225062805193392,302.12528064553914
0.01352369910550851,0.004334304768899428,357.79234846084563
0.02951904761904762,0,303.4078248390794
0.029916031074303642,9.658308460114395E-4,305.33353000354373
0.02847142857142857,0,304.63837904351857
0.02890138193172204,9.86059751173375E-4,306.4928904100072
0.02637619047619048,0,308.4246450194744
0.027423809523809527,0,306.7830177760095
0.026798331195656774,9.734730362091869E-4,309.3049295990341
0.027809027288541247,9.712428348985509E-4,307.9425601617363
0.024280952380952386,0,308.1346789217208
0.02532857142857143,0,308.323898674938
0.02470819161938016,9.525783126850865E-4,310.93625168241846
0.02570697551909245,9.570210948456678E-4,310.26050472289995
0.02009047619047619,0,319.17553795539357
0.019599448050567157,9.351790177976373E-4,321.7080254632226
0.02113809523809524,0,317.3521383141282
0.020623520219886723,9.316002815480984E-4,319.6066487046433
0.021641835921230188,8.773488429335134E-4,316.6226895188925
0.022185714285714288,0,311.67097352960565
0.023233333333333335,0,308.50689211878523
0.023648989031453828,9.188539606865948E-4,311.8344121184767
0.022667890395496593,8.763225215735605E-4,313.5409760430402
0.0379,0.0023638827091462143,304.56503417589386
0.03679699606618252,0.0017656948442039107,303.60065309408486
0.013805798283762431,0.005770324756669901,357.87415302607
0.0379,0.003736717289388195,307.1221801231905
0.03667156036974254,0.003160846776254555,306.33170375801313
0.014111149475183467,0.007318382591823398,358.0012034888924
0.0379,0.005254930430446629,309.7894810372603
0.03657824039809901,0.004545095777277522,308.9060069340071
0.014230227370776448,0.009142085994701786,359.2498577477375
0.0143083188469818,0.011107556394611084,360.66163305102873
0.0379,0.006933917556545934,312.55289851962993
0.03640749855282756,0.0060734692362215134,311.627337577579
0.014457250979560674,0.01331530973791194,361.7875564141678
0.0379,0.008790704405168036,315.3868014663327
0.03625016347747205,0.007800713569152085,314.51234224030924
0.014702245122850628,0.0156023557826851,362.5619195958497
0.014774286586842305,0.018341356308674436,364.2489044007595
0.0379,0.010844118717131953,318.26672941225564
0.03604336236964339,0.009754194994121718,317.5638485053926
0.015182563498226357,0.021361880644944917,364.92064882757444
0.0379,0.013114983500496101,321.1634245954049
0.035783402241148926,0.011900597327369821,320.68798972929795
0.015528158517203561,0.024421011650845925,365.8226237712959
0.0379,0.01562632539878871,324.0387266983618
0.03561102958053075,0.014283607591218602,323.79871750817983
0.015685724876147798,0.028014259461830286,367.5242776590856
0.03555618260299836,0.01698484991762182,326.88061077116123
0.0379,0.018403610642535692,326.85731048594533
0.015856680095773006,0.03208100939427807,369.35378406318983
0.03553478220904892,0.020016579435221137,329.90222042044473
0.0379,0.021475001735099933,329.58063288306016
0.01597952468346012,0.03648524030534713,371.37204680087376
0.0379,0.02487164326830296,332.1733731848556
0.03498259360827005,0.023071542327819276,332.9537202645187
0.016062827498661402,0.04110331050735983,373.48079702352237
0.0379,0.028627978474378476,334.62164785582604
0.03438541256196113,0.026549555156277695,336.08005201363113
0.016100174740835995,0.04580585859061335,375.6198631748999
0.0379,0.03278209787631889,336.88580364172185
0.03435128754663538,0.030598003203016592,338.7011178585981
0.016115730428632985,0.05050935310655952,377.6831093330431
0.03428111258132057,0.03508276925608238,341.14242110117783
0.0379,0.03736181716936323,338.9394810997778
0.016119171263755925,0.05523860791566865,379.64200349661843
0.03426754047373185,0.039684357785478304,343.1403440559748
0.0379,0.04218680090677599,340.66345605417234
0.01611135820869991,0.059931305061271596,381.43275900590294
0.016061497009678787,0.06454717250834406,383.1024106895239
0.01580878564552655,0.069070666452595,385.1597771871004
0.034258556981904595,0.044455355143069746,344.7844250960175
0.0379,0.04703845089763949,341.98920388569394
0.015566001645281406,0.07797232126653725,386.00100203298985
0.016411642918059133,0.07396303238585901,383.02478014314505
0.03425683213886379,0.04924909215293263,346.0136623215986
0.0379,0.05189010076940528,342.9076292756601
0.016733333333333336,0.08099999999999999,376.61954309450965
0.03424810886408939,0.0540716930544198,346.8208100337752
0.0379,0.05674175064117106,343.38506238704707
0.018945353877787174,0.07757015657361475,371.8475476715121
0.020966666666666668,0.081,361.46506686296783
0.03422626247545911,0.058875141068618304,347.1480218793649
0.0379,0.061593400512936845,343.3491158516991
0.023045353064733022,0.07743666981164732,359.8106646504802
0.025200000000000004,0.081,351.55047919525504
0.034169790195052764,0.06364668114715841,346.93462792106806
0.0379,0.06644505038470264,342.69216975982243
0.02712621917265222,0.07741365423993886,351.3631002990696
0.029433333333333336,0.081,344.5966646122841
0.0340709988221596,0.06839984144295443,346.0760413803204
0.0379,0.07129670025646842,341.261162832977
0.03128169957027806,0.07741356123078778,345.1026106080351
0.03366666666666667,0.081,339.49874303001104
0.03388717125375508,0.0734774615839282,344.2637032613201
0.0379,0.07614835012823422,338.9993079881784
0.034793138784962596,0.07782073656245714,340.78224568773516
0.0379,0.081,335.7563964310656
0.015247113592362213,0.001049551088382892,333.5224536357735
0.035748269063978044,0.0014709982244466417,303.28111317875533
0.015134832042678062,0.0017605888752437967,338.361758718739
0.014430305691424634,0.002291072008154197,345.74690401948925
0.0348259801730828,0.0017247966111800413,304.0931933250119
0.01603217244925299,0.0016241626266786993,333.1745807624482
0.017140024878327675,0.0017984413229344557,330.01384102660353
0.018145863113190535,0.0018093225005243014,327.26827805969197
0.0357276980762408,0.0024540920455091244,305.24273306693016
0.015509655824467394,0.002749718341464106,340.6761567454693
0.014601443224061997,0.0035649641175625035,348.7615824340143
0.0336777853250423,0.0018879029513453327,304.8857547185293
0.03264943758888891,0.0017171721377194217,305.02552364151666
0.03434638246506328,0.002880985032475176,306.60605693416113
0.031544341513478326,0.0021052703273797043,306.5674726152226
0.0304533357085795,0.0018207390395955886,306.8025647957308
0.01915030102613193,0.0019007015631506657,325.13216412612206
0.016661017733290873,0.0029122187536912507,335.9299489591071
0.017751730759915693,0.002897077042431767,331.9221255497709
0.018650013818345808,0.0026544324694257786,328.5150572405086
0.03538433317862855,0.003735123166668321,307.83257089777857
0.01590024559342387,0.004211108396191568,343.3257645200457
0.014640710276657374,0.004745629970318903,351.3080956896809
0.03280529569379257,0.0029558901399107666,307.5522218514666
0.03387871655853536,0.004159078988085531,309.3225023077828
0.03144055328596816,0.003399617701041438,309.38582855082655
0.028317166911804213,0.0018433516792900739,309.1155319932825
0.029378504175831828,0.002146450590442916,308.5730849943816
0.030406283147423958,0.002911301886087297,309.2254960317498
0.02622650821095008,0.0017836587171396016,311.4984341970042
0.027247476155356852,0.0021289155703713013,311.00947043688467
0.024127381966016378,0.0017565805489899687,313.7858021622277
0.02515404638282541,0.0020844703454268383,313.3562727466189
0.02009459954363854,0.001936785689173356,323.00529032980745
0.021176666375313034,0.0018402881393840835,320.1515276060092
0.022088268107504482,0.0016162348387717003,317.2961890377361
0.023058711496813947,0.001992289839870602,316.2191367355772
0.019548301191734025,0.0029435814607685646,326.8839191760247
0.017413402438441253,0.004103654720074606,336.5748492908277
0.018653873000756854,0.0037214797802535946,331.40997973650923
0.03505492127563801,0.00516846376693299,310.609136718446
0.01690785254558735,0.005292096054608153,341.47329367953347
0.015483076654895466,0.006019001239458861,349.2725754917779
0.032108243115213486,0.004533169903071017,311.1433556582602
0.033342816343922416,0.005656158415681673,312.41480237866887
0.03033381683155826,0.004493693642146038,312.51388712152465
0.028274107759807113,0.0030259641619700297,311.6617436196532
0.029378526644929688,0.0034652105622508143,311.37212471683694
0.026146836437321994,0.002915102543573815,314.0045494375954
0.027167748960375254,0.00350707398989548,313.9705639613432
0.024065712500225725,0.0028356432272905845,316.7069612723506
0.025070031879874798,0.003410486322872222,316.54364298389515
0.020700835644548,0.0030680135717597607,324.2756538443977
0.021976807212433377,0.002699434824070049,320.3806972638659
0.023009372613835094,0.003274236054254197,319.661985166262
0.020043283013550614,0.004377521841336664,329.0668934940167
0.018518705687014747,0.005353368767769599,335.7649349330704
0.034739876733087455,0.006723028019078799,313.4746287498851
0.017223832354161427,0.006773347149546132,343.25101210386885
0.01579194800508364,0.008022119656210224,351.0104487787766
0.03294405730874973,0.007172673782814187,315.3353697259442
0.03154592640480767,0.005956770882091014,314.2659352695617
0.02993740037500132,0.005958823017800461,315.71347164686506
0.028345197068309257,0.004886480844538215,315.33419883446146
0.02603114489421008,0.004696246475470645,317.90008509337287
0.023952419184790786,0.004520969022599227,320.7972822034181
0.021993212674911635,0.004322843357440521,324.21995791261094
0.020572191201558242,0.006133731719348952,331.5415353994327
0.018768956901227866,0.007027339072751608,338.4360666987255
0.03451024320927394,0.008528967203776513,316.5498654990324
0.017808449640382234,0.0087657562271954,344.5006908384343
0.01616994789740976,0.010048023778072075,352.0800502216147
0.016014218947842815,0.011982427383215043,354.83928756807154
0.032736572978100786,0.008996938310941754,318.4833941309515
0.03060922445440082,0.007926106531032704,318.5655268086594
0.02885188896141134,0.006939358126590772,318.6650332495993
0.026985214422133124,0.007061758282793774,321.20610601304855
0.024811715661322568,0.007092751660231131,324.5455877339887
0.022620193173353807,0.006836018431284668,328.17392672503496
0.020488062400895457,0.00889881641721986,336.8693954364342
0.033973483770825895,0.010589216796255848,319.9884346652463
0.018353050518446604,0.011553343960317522,346.6830586240531
0.016822149767447385,0.013943078211253741,354.0622021728598
0.03129636050423728,0.010804152398951486,322.45455905091814
0.02858003778800955,0.009133794706508883,322.75524892360096
0.025932136929260417,0.009794197989067312,327.4379851380251
0.023349185364187165,0.009647319760171148,331.68717470664063
0.02154432740452149,0.01233404697831321,339.49288504729105
0.033499994486953455,0.012703798617292265,323.2730920868184
0.01716365320846769,0.01688622214565863,355.7099561895423
0.019624197570627083,0.014901258726953335,347.2034215769018
0.017045609611713666,0.019586740047999904,358.3109891543891
0.031501049254380284,0.013554345629229537,326.1111708114029
0.02826061879687128,0.012826073951544885,328.71019662872135
0.02469867381443178,0.01292808430249216,334.11888851951835
0.022743648946502062,0.016063051937904933,341.59929139131106
0.03334221416152625,0.015349255955149566,326.70024750132865
0.020013430591325078,0.018942543796385266,350.29008675103603
0.01827940779220366,0.022169830096028773,357.07257118775937
0.030214940770389467,0.016373576543142223,330.8912763387664
0.02680098617561906,0.017118359637935433,336.03412220089973
0.02378027812248788,0.020154018185350214,343.9470820725274
0.03304906966688425,0.018229720482817176,330.1362725983527
0.018628500232334675,0.02572034726170361,358.76375284259535
0.021365289174938767,0.022811462412624616,350.7872789436264
0.024549428301272193,0.02429173526000893,346.25882944319187
0.030176887656163474,0.019692632662027757,334.4962719719933
0.027208885698861773,0.021696956385611747,340.09542055087405
0.03315352033492129,0.02092093689796435,332.6692858565378
0.019101010344228682,0.02975334449977041,360.2829252374458
0.021811410689285573,0.027152175449121695,353.1800199924873
0.025075838597677907,0.02769561190062816,348.00424895019097
0.028050305611510583,0.026162394590143044,342.6637256041202
0.031287719436002524,0.023729265824265648,336.9140005015486
0.01935434461558815,0.03417704581857356,362.2754788571064
0.02321452970865394,0.03126327653960362,353.2724285092881
0.027369812668419244,0.03006289423274502,346.2258704777037
0.03105643058032936,0.02801084275001562,340.3867310302166
0.01960316406608549,0.038808888369367016,364.1494119052709
0.023215932142696172,0.03626377752198466,356.0869778799543
0.027037630854351406,0.034400481348441904,349.205816150159
0.030768774463141985,0.03254451159105056,343.4981158080864
0.019693610230122324,0.04355473705601273,366.1507773063159
0.023312745225984786,0.04126921900692418,358.2813973328801
0.026993816124490075,0.03915067744657609,351.59639354577257
0.030662920018707004,0.037117750758691476,345.94489144489467
0.019727472965728448,0.0483149116351401,368.01794816781006
0.023351886914897455,0.04609608876751198,360.1265378398584
0.026982631501730598,0.04395267477754957,353.5487353095629
0.030630670341699015,0.04183221006893665,347.9449111781939
0.019741038000461814,0.05305384255443294,369.6536727237438
0.02336185445543884,0.050880435910757665,361.6629718352733
0.02698657101910133,0.048747358035493564,355.08037157126773
0.030620407871127082,0.04661810550737497,349.53232138681784
0.019748229230833664,0.05775658218665599,370.9874936540219
0.023373558242611198,0.055641648003529,362.8149427979386
0.026987582639306024,0.05352458732738594,356.2025721719622
0.030615062732107946,0.051412255922381245,350.6951396782269
0.01972812379555384,0.06244585923556612,371.98668056923185
0.019717699571724333,0.06686486676533536,372.4092213143772
0.019347544293079312,0.07067815074747812,373.3162411895467
0.02341640482987848,0.06037193824729491,363.44871978583836
0.026986240299748374,0.058262501794646517,356.85837227772953
0.03060175199270598,0.05619085933204557,351.40878527707724
0.023313553922507845,0.06520329064449483,363.7906527880425
0.020978714114272,0.07389673810755563,367.5528089064207
0.02322714143563226,0.06995549969522971,363.27181549039466
0.026975978779751768,0.06293674668356047,356.9612043703349
0.030561636515995323,0.06092242675097578,351.6241981781712
0.02677510121357707,0.0674956037617832,356.7063300523066
0.024887332592605352,0.07378172009376067,358.10468944492646
0.026786512820421153,0.0710126633961396,355.6822599753978
0.030426401484115566,0.06556619792452328,351.3430298327443
0.030142630344832003,0.06996695706879437,350.6124237018975
0.02890959647496356,0.07384997430343743,350.71076270357617
0.033631192433056484,-0.00875704972096796,294.2431499436398
0.03282307692307693,-0.01,293.6
0.03451538461538462,-0.01,293.6
0.021888489206770445,-0.00868386853578484,295.94038842743686
0.020976923076923077,-0.01,293.6
0.022669230769230775,-0.01,293.6
0.02352212275146744,-0.00870104616891399,295.6627789259754
0.024361538461538466,-0.01,293.6
0.017004752952782403,-0.008849001811423967,297.20942945325885
0.017592307692307695,-0.01,293.6
0.03533457085338982,-0.0087637667300312,294.0813239246656
0.036207692307692316,-0.01,293.6
0.03674656352922448,-0.008900599974391134,293.92418358654476
0.0379,-0.01,293.6
0.03193026116164607,-0.00875712199389672,294.44145256629844
0.031130769230769233,-0.010000000000000002,293.6
0.030239086857850025,-0.00872535076898266,294.6806188237988
0.029438461538461542,-0.01,293.6
0.025176996784404566,-0.008706182112446424,295.40902662167815
0.026053846153846157,-0.01,293.6
0.026855349142445927,-0.008701664718579723,295.1626829456616
0.02774615384615385,-0.009999999999999998,293.6
0.028545402716726825,-0.008705493530425172,294.92735327644044
0.019284615384615386,-0.01,293.6
0.018460524053321582,-0.008477503506231453,296.966310912232
0.02025739348974939,-0.008640693723376176,296.23687246353217
0.017142995806781983,-0.0073600598819853645,297.94906406087927
0.0379,-0.007947873063107116,294.0893563389792
0.017093294690624518,-0.005089465623670443,298.0521018523362
0.036368774112977176,-0.007237589940735119,294.4811299271783
0.0379,-0.005895745899381014,294.8227866070482
0.01702084245540641,-0.0033820609336007463,297.9403084534935
0.03651953090777952,-0.004818373450247255,295.4037622766122
0.0379,-0.00373471856574798,295.7549745611992
0.016973218842957636,-0.0022398143223501137,297.9315295778501
0.0379,-0.002708305860383234,296.2440518065809
0.036647018796584274,-0.0031849290520752213,296.108039850872
0.017039506446307008,-0.0012607607557927406,297.5671720679267
0.0379,-0.0016818931550184875,296.64612482887884
0.0368054470021093,-0.0020502733632853,296.54839912118376
0.01675052057042067,-7.108158861297149E-4,296.74677095410556
0.0379,-9.820070185130715E-4,296.9802364626971
0.0370561342124752,-0.0012652428821083876,296.85072479483057
0.0379,-4.590927277485514E-4,297.3627809381747
0.03727463214861773,-7.651767422532289E-4,297.1516739880583
0.034449359099937696,-0.007320866454091131,294.6726124650401
0.03277018368801939,-0.007523821544776123,294.8294149224367
0.021200074880313252,-0.007381675114376994,296.67224024188687
0.022708883933582197,-0.007417439198191547,296.4192968503585
0.024308750400222633,-0.007424740370085201,296.1249830183992
0.03503401561129507,-0.005395134942169872,295.33116690728707
0.033462471408185236,-0.005956374279381086,295.31174251630085
0.03411699084060965,-0.00431565840216652,295.84797029152975
0.031034974937889082,-0.00743211999731651,295.1087773455375
0.031833403341241975,-0.005912477499665072,295.526003801983
0.029339711053991264,-0.0072498045076161265,295.4126313678307
0.025989436138691865,-0.007316323673975275,295.8901461003918
0.027630791053989624,-0.007166501476836409,295.6842928328665
0.01838982976628453,-0.006409924027865132,298.00510087428796
0.01977360973034953,-0.007157423219969721,297.2801357708507
0.025075901009276046,-0.005863927796472243,296.43732092080285
0.020695998934004624,-0.0057501448510350345,297.520975757568
0.021926001300394796,-0.005794352627242719,296.98753645825633
0.02342955108717981,-0.0059310933105464515,296.7024039453573
0.03529783144124049,-0.003675297797026472,295.99989230467844
0.03261090764044758,-0.004075446115514407,296.07820055438066
0.033983594900167724,-0.002945785561925381,296.36301169813504
0.03015232602521445,-0.00561696538949017,295.83859981986774
0.030999440152998926,-0.00422093759582033,296.18649600268986
0.028437816343188767,-0.005485208405413801,296.0874002228572
0.026738201404408447,-0.0055284001951074625,296.2904885421987
0.01825077747967549,-0.004305340034203054,298.0845884372127
0.019576495129219173,-0.00511213089707382,298.1714753757611
0.025757243911780525,-0.004177827908670059,296.75591961174354
0.024146990537217902,-0.004092448570765635,297.03164150192697
0.020953065280487248,-0.0040927121122495535,298.2633400842897
0.022569154792941925,-0.004348556441794796,297.3208276119719
0.035485142000011925,-0.002393440226103904,296.47746657654193
0.03254458337323778,-0.0026120270264505755,296.55004268752964
0.03158580308704957,-0.0030645185853723908,296.4726369955909
0.03453685995749641,-0.0017360262927786734,296.73400724607114
0.0333285538510385,-0.0018839825223200479,296.73737808278423
0.02930058027943808,-0.0037256948636528947,296.4759943121044
0.030487929399976937,-0.0028694821017359925,296.60525584359215
0.027535596846575847,-0.003753376587849408,296.6439855135896
0.028290694111433645,-0.0027043173407964357,296.8533094631722
0.01807848953457429,-0.002823678570671969,297.8823655766027
0.01939641069065387,-0.003112746401858492,298.08502635317694
0.026126291278474822,-0.002908229497087359,297.0640943570056
0.025038009338490833,-0.0031019307451010257,297.2125362197986
0.020630314410217173,-0.002727021094988685,298.3535673878633
0.024034257535693028,-0.002730676880459431,297.71734122039
0.023106025172587134,-0.003141922321513879,297.8493047741771
0.021882129448961108,-0.0028925693249198087,298.7819722427644
0.03584869343219031,-0.0014394947312723646,296.8050715127919
0.03471366309669692,-0.0011364142855125057,297.01569043009476
0.03237182463954512,-0.0017394894438697603,296.8494344256278
0.03142803046161391,-0.0021092972315866535,296.7700451603195
0.03379112648615199,-0.0011729560498170222,297.0317432444076
0.032780201101780954,-0.0011619618173115322,297.08867909621154
0.030372145264931698,-0.001954564336840038,296.9093488415855
0.029312946980643243,-0.002302256153541303,296.87598445373845
0.027242826312046865,-0.0022801348454749874,297.13490520181614
0.02826272179428283,-0.0020050226058028475,297.11707630317454
0.017962578943397953,-0.0017334578468437393,297.7409560462747
0.018867108795354387,-0.0021686518851756664,297.7638072385781
0.019872895657902363,-0.002076278295090162,297.34634338751243
0.02612825671102454,-0.001987664376840813,297.575120475805
0.02505581455093032,-0.0021484425185878627,297.84457298533715
0.024016195222521002,-0.0018910266210016534,299.13658881048497
0.020997979354775462,-0.002015910892584232,298.0436201023081
0.022988626047967958,-0.0021780882126733025,299.26052675192904
0.021930462189891118,-0.0018992794633722822,298.84749675238726
0.03660917699891594,-8.601375482898308E-4,297.11168939355304
0.03565243102343919,-8.609585960647829E-4,297.1512889070223
0.03464818552215929,-7.313072008780198E-4,297.28103005870497
0.031842682211274634,-0.0012371655419812569,297.10547250749465
0.030822603069903157,-0.0012772067900869621,297.1693351267981
0.03363047185324858,-8.138198404983665E-4,297.2790667068476
0.03257056381230455,-8.152447667486046E-4,297.3395671513944
0.0298493133527942,-0.001375471029392011,297.2145307103278
0.02878301976489779,-0.0013709169387380185,297.34433988858314
0.026693563320271226,-0.0013854351033643542,297.98566828895287
0.027698235410816903,-0.0013429646733778518,297.60885348586584
0.017985535817832812,-0.0011224302269330704,297.16594623216446
0.019123199853656576,-0.0014115245914779755,297.08657351731057
0.02030531319796141,-0.0012733848988799646,297.121238221509
0.025572476990375567,-0.0013176231093980197,299.083677851236
0.024523013412852953,-0.001294788310136769,299.9734506721031
0.023538898333763908,-0.001389655460297108,299.84539510940016
0.021428193515468125,-0.0013198964741922483,297.4986650290512
0.02247384672410696,-0.001394451613086714,299.0997355119618
0.01783311680476926,-7.877507756142556E-4,296.6031224784656
0.016947619047619048,-4.5160909294291964E-4,295.85345827421907
0.0358047619047619,-4.6226178507065795E-4,297.43133070959414
0.03685238095238096,-4.590927277485514E-4,297.397691364075
0.034757142857142855,-4.672100117107492E-4,297.4642679478485
0.03370952380952381,-4.722601989394982E-4,297.50557477107253
0.031563527768635996,-8.264272152073819E-4,297.39586014410287
0.030490368145575788,-8.478924664255226E-4,297.47421579958404
0.03266190476190476,-4.783043387346365E-4,297.56191349340196
0.03161428571428571,-4.8454486028279243E-4,297.66945290171464
0.028407086187005035,-8.713808153584405E-4,298.0982479044617
0.02948808225438647,-8.688086262844051E-4,297.6290123013775
0.026305094300682647,-8.728944296192381E-4,300.2302066181201
0.02739419367840406,-8.732545000747033E-4,299.02443475647874
0.01892555175773266,-8.362561635203773E-4,296.5363909561358
0.019978910765658206,-8.375857823569845E-4,297.16237486791675
0.021102184994769322,-8.500151674278705E-4,298.3289263639779
0.025289927417709936,-8.667872950668729E-4,300.7489409162165
0.024200620789546278,-8.595282344522033E-4,299.9530570462088
0.023062235375772157,-8.815742573380617E-4,298.6967167545469
0.021917626002127766,-8.608125376669924E-4,298.4520902736706
0.017995238095238095,-4.6394426347876473E-4,296.3871199435483
0.030566666666666666,-4.894619180034249E-4,297.8841995769002
0.02951904761904762,-4.925430373398385E-4,298.3568671394925
0.027423809523809527,-4.954069963223318E-4,301.09691637512714
0.02847142857142857,-4.939750168310851E-4,299.49382630641924
0.02532857142857143,-4.933249965076858E-4,301.4050729491822
0.02637619047619048,-4.943659964150089E-4,301.95383008305805
0.019042857142857146,-4.7294559727638835E-4,299.1574071773874
0.02009047619047619,-4.7908758239656663E-4,303.55051493553106
0.02113809523809524,-4.8334772820327423E-4,302.91685849940126
0.024280952380952386,-4.916555885054522E-4,300.164488923435
0.023233333333333335,-4.896317312577171E-4,299.7604295690595
0.022185714285714288,-4.8648972973049564E-4,300.54713050837427
0.016947619047619048,-2.0527686042859985E-4,297.4275301728283
0.03685238095238096,-2.086785126129779E-4,297.85751148180884
0.0358047619047619,-2.1011899321393544E-4,297.92797872139903
0.0379,-2.086785126129779E-4,297.77460127950826
0.034757142857142855,-2.1236818714124965E-4,298.0122003205393
0.03370952380952381,-2.14663726790681E-4,298.14466464183323
0.03266190476190476,-2.1741106306119842E-4,298.3570459013353
0.03161428571428571,-2.2024766376490566E-4,298.69011732394216
0.017995238095238095,-2.1088375612671124E-4,302.03549835648647
0.030566666666666666,-2.224826900015568E-4,299.2739603698149
0.02951904761904762,-2.2388319879083565E-4,300.62248116328453
0.02847142857142857,-2.245340985595842E-4,303.2939271721292
0.027423809523809527,-2.2518499832833267E-4,304.2679844290382
0.02532857142857143,-2.242386347762208E-4,301.3977409907417
0.02637619047619048,-2.2471181655227677E-4,302.0314216002708
0.019042857142857146,-2.1497527148926744E-4,309.81745744442577
0.02009047619047619,-2.177670829075303E-4,315.82768081707934
0.02113809523809524,-2.197035128196701E-4,312.89178506111506
0.024280952380952386,-2.2347981295702375E-4,301.49744455503884
0.023233333333333335,-2.2255987784441684E-4,302.27958226887426
0.022185714285714288,-2.211316953320435E-4,305.25518620282384
