x,y,T,c,mol_flux
0,0,321.20556,0.1505,-0.024450834258398585
0,1.2033662412009491E-4,321.20556,0,-0.03508610282564021
0,2.6474057306420884E-4,321.20556,0,-0.0011528076821693339
0,4.942995701331689E-4,321.20556,0,1.2412546515117931E-4
0,8.628072304643552E-4,321.20556,0,1.4827401192945503E-4
0,0.001503271827974255,321.20556,0,1.7438974853336924E-4
0,0.0021437364254841547,321.20556,0,4.43760079172018E-5
0,0.0032185470153213032,321.20556,0,7.050961503842764E-5
0,0.004520847806238147,321.20556,0,1.0876213543856984E-4
0,0.005781834351658125,321.20556,0,1.0488006587377208E-4
0,0.006995509050031501,321.20556,0,1.2996767111546342E-4
0,0.008338601090301673,321.20556,0,9.554102699027851E-5
0,0.009824910419402652,321.20556,0,5.1752830521651934E-5
0,0.011469708880393706,321.20556,0,9.295194586222384E-5
0,0.013289896406291858,321.20556,0,9.015016882604765E-5
0,0.015304175314142026,321.20556,0,8.74477954010816E-5
0,0.017533242040450224,321.20556,0,1.430087982909741E-4
0,0.02,321.20556,0,1.1202156959377092E-4
5.600403632695183E-4,0,312.8745208294623,0.301,-0.033530642801205046
0.0011200807265390367,0,312.33591770987766,0.301,-0.02265396572384705
0.0016801210898083087,0,312.41852321089624,0.301,-0.01775391647833726
0.002240161453077827,0,312.4121392047803,0.301,-0.015292212016186217
0.002800201816347222,0,312.4416702350929,0.301,-0.013538199672738721
0.0033602421796166174,0,312.45605081407416,0.301,-0.012304344120391183
0.003920282542886136,0,312.4715528699195,0.301,-0.011342706957420196
0.004480322906155531,0,312.4848898419551,0.301,-0.010573212863563108
0.005040363269425049,0,312.4973656560158,0.301,-0.009938889062737103
0.005600403632694444,0,312.5080477304484,0.301,-0.009408002741548998
0.00616044399596384,0,312.51834013872303,0.301,-0.008949480336964582
0.006720484359233358,0,312.52734385271344,0.301,-0.008555013045123426
0.007280524722502876,0,312.53562052151597,0.301,-0.008207787731772113
0.007840565085772272,0,312.5432159957896,0.301,-0.00789855601401131
0.008400605449041544,0,312.5505828467035,0.301,-0.0076190934785629405
0.008960645812310939,0,312.5575777438285,0.301,-0.0073681325167259185
0.009520686175580457,0,312.5638520832413,0.301,-0.007141635036788342
0.010080726538849852,0,312.5696695183731,0.301,-0.006934051482955662
0.01064076690211937,0,312.57513982011324,0.301,-0.006743750925212329
0.011200807265388765,0,312.5801901710778,0.301,-0.006568761519918503
0.011760847628658162,0,312.5849040421137,0.301,-0.00640631048380577
0.01232088799192768,0,312.5894890367622,0.301,-0.006254724713294571
0.012880928355197075,0,312.5937320453193,0.301,-0.006114008600739252
0.013440968718466593,0,312.59769592483815,0.301,-0.005982467586614567
0.014001009081735988,0,312.60139846103567,0.301,-0.0058592139138236524
0.014561049445005383,0,312.60491395584074,0.301,-0.005743151333541431
0.015121089808274778,0,312.60823877769377,0.301,-0.005633848029271798
0.015681130171544298,0,312.61131153359776,0.301,-0.005531036155204699
0.016241170534813568,0,312.61416029719544,0.301,-0.0054338019009823
0.01680121089808321,0,312.6168801586472,0.301,-0.005341244118391972
0.017361251261352482,0,312.6194636728448,0.301,-0.0052533578244182534
0.017921291624622,0,312.62189649433526,0.301,-0.005169697485807565
0.018481331987891397,0,312.6242068568959,0.301,-0.005089746449227423
0.019041372351160914,0,312.6264942875616,0.301,-0.005013195328779036
0.01960141271443031,0,312.6286151545473,0.301,-0.004940526291733861
0.021281533804238494,0,312.63417157005955,0.301,-0.004741223024717066
0.020721493440969223,0,312.6325067652224,0.301,-0.004804555019874772
0.020161453077699704,0,312.6306338969232,0.301,-0.004870897919534995
0.021841574167508135,0,312.6357943428773,0.301,-0.004679725310069301
0.02240161453077747,0,312.63740578948295,0.301,-0.004620593033936269
0.022961654894046987,0,312.6387736333905,0.301,-0.004564852038429822
0.02352169525731626,0,312.6399861237417,0.301,-0.004511072722145656
0.024081735620585777,0,312.6410116739065,0.301,-0.0044595192996385044
0.024641775983855235,0,312.64187747695615,0.301,-0.004409651662017348
0.025201816347124692,0,312.6427708632491,0.301,-0.004360810616818871
0.02576185671039415,0,312.6436777875534,0.301,-0.004313277806175647
0.026321897073663482,0,312.644604946576,0.301,-0.0042670298207573565
0.026881937436933002,0,312.64551380844887,0.301,-0.0042222566754580425
0.029122098890010703,0,312.64879439072115,0.301,-0.004056736122248781
0.02856205852674137,0,312.64802381758227,0.301,-0.004096483295537858
0.027441977800202518,0,312.6463759699319,0.301,-0.00417895107684257
0.028002018163471913,0,312.64725029224593,0.301,-0.004136835256253943
0.029682139253280223,0,312.64962305972125,0.301,-0.004017982934427949
0.030242179616549618,0,312.6503545604766,0.301,-0.003981139389577864
0.030802219979819197,0,312.65093908393817,0.301,-0.003945747112056986
0.03136226034308841,0,312.65137410181603,0.301,-0.003911468549887582
0.031922300706357924,0,312.6517573858194,0.301,-0.0038778419083230695
0.037522704339052436,0,312.6537663584798,0.301,-0.003583740387545491
0.03696266397578291,0,312.65375271038016,0.301,-0.0036099462804530316
0.03640262361251346,0,312.6536930414408,0.301,-0.003636768567604787
0.03584258324924412,0,312.65357999463333,0.301,-0.0036643376967007593
0.03248234106962745,0,312.65212383682905,0.301,-0.0038448820350400997
0.0330423814328969,0,312.65245832884574,0.301,-0.0038127858303635756
0.035282542885974606,0,312.6534396680102,0.301,-0.0036925198439338963
0.03472250252270521,0,312.6532698182172,0.301,-0.0037213306855929957
0.03360242179616624,0,312.65274714879456,0.301,-0.0037815562407886878
0.03416246215943563,0,312.6530262172447,0.301,-0.003750995268516523
0.03808274470232183,0,312.653784522089,0.301,-0.003557943992813226
0.03864278506559128,0,312.6537942251878,0.301,-0.0035326390047345307
0.03920282542886074,0,312.65379382335857,0.301,-0.0035078864193905887
0.039762865792130134,0,312.6537470625241,0.301,-0.003483858852362899
0.04032290615539966,0,312.65367925553437,0.301,-0.0034602474348079657
0.04088294651866905,0,312.65360045350354,0.301,-0.0034371518093319737
0.04144298688193845,0,312.6535032542895,0.301,-0.003414556346133568
0.04200302724520796,0,312.65337761714807,0.301,-0.0033924551779462705
0.04256306760847736,0,312.65325271519896,0.301,-0.0033706916127187844
0.04312310797174675,0,312.6530893321204,0.301,-0.003349337445215925
0.04368314833501615,0,312.65299593373015,0.301,-0.0033280654235468637
0.04424318869828567,0,312.65285252959796,0.301,-0.003307651521895417
0.04480322906155506,0,312.65264053092335,0.301,-0.0032877542332677544
0.04536326942482458,0,312.6524366150391,0.301,-0.003268014754489223
0.045923309788093856,0,312.65222973730545,0.301,-0.0032485938561269785
0.04648335015136337,0,312.6520064295579,0.301,-0.0032295136094339506
0.04704339051463289,0,312.6517963025086,0.301,-0.0032107092526683853
0.04760343087790216,0,312.6515837792935,0.301,-0.00319224715710417
0.04816347124117168,0,312.6513501097007,0.301,-0.0031742222359440906
0.04872351160444108,0,312.65108200755583,0.301,-0.0031566991088648882
0.049283551967710594,0,312.6507868760494,0.301,-0.003139366414273228
0.049843592330979986,0,312.6504718882112,0.301,-0.0031223786731793546
0.050403632694249384,0,312.65015077887136,0.301,-0.003105619723705227
0.0509636730575189,0,312.6498221657123,0.301,-0.003089144370907843
0.0515237134207883,0,312.6494815792618,0.301,-0.003072925650028787
0.052083753784057815,0,312.64913384885136,0.301,-0.0030569576510347707
0.052643794147327214,0,312.6487923096177,0.301,-0.003041200631232279
0.05320383451059673,0,312.6484487891069,0.301,-0.0030256674761337454
0.05376387487386612,0,312.64808942670794,0.301,-0.003010443715504715
0.05432391523713552,0,312.64772586056444,0.301,-0.002995476716957051
0.054883955600405036,0,312.64735284531406,0.301,-0.0029807298640054146
0.055443995963674435,0,312.6469650791201,0.301,-0.0029662555203143477
0.05600403632694389,0,312.64656255737435,0.301,-0.0029520463300891212
0.056564076690213405,0,312.64614468207094,0.301,-0.0029380640194856425
0.05712411705348274,0,312.6457056634882,0.301,-0.002924299928212151
0.0576841574167522,0,312.64525064523104,0.301,-0.002910719884186068
0.058244197780021593,0,312.6448080884189,0.301,-0.002897273961869574
0.05880423814329111,0,312.64435208195823,0.301,-0.0028840541956447036
0.05936427850656051,0,312.6438969633898,0.301,-0.002870970102908783
0.0599243188698299,0,312.6434270599022,0.301,-0.0028582086735450727
0.06048435923309936,0,312.6429432893104,0.301,-0.0028454936364298877
0.061044399596368815,0,312.64246598500216,0.301,-0.0028329387474412436
0.06160443995963815,0,312.64199748770454,0.301,-0.002820544553513624
0.06216448032290767,0,312.64152408373315,0.301,-0.0028083530472677535
0.06272452068617707,0,312.6410406403486,0.301,-0.0027963340640187566
0.06328456104944652,0,312.64054066770314,0.301,-0.002784569461842548
0.06384460141271585,0,312.640029732528,0.301,-0.0027729452191350324
0.06440464177598537,0,312.6395244780357,0.301,-0.0027613907405566536
0.0649646821392549,0,312.63902633973237,0.301,-0.002749958482321588
0.06552472250252428,0,312.63851322269585,0.301,-0.002738785166236671
0.06608476286579368,0,312.6379938867657,0.301,-0.0027277318778062497
0.0666448032290632,0,312.6374652011408,0.301,-0.0027168353102554293
0.0672048435923326,0,312.63694804877855,0.301,-0.0027059773629325382
0.06776488395560205,0,312.6364465978554,0.301,-0.002695090275711945
0.06832492431887138,0,312.63597224671497,0.301,-0.00268430133425734
0.0688849646821409,0,312.63548294631255,0.301,-0.0026738150282119037
0.0694450050454103,0,312.63499013472165,0.301,-0.0026634232740531394
0.07000504540867981,0,312.6344911154056,0.301,-0.002653186846848788
0.07056508577194921,0,312.6339782651155,0.301,-0.0026431095986920606
0.07112512613521861,0,312.63346464432937,0.301,-0.002633171291142724
0.07168516649848819,0,312.63292600441747,0.301,-0.0026235095224507133
0.07224520686175752,0,312.6323559038591,0.301,-0.0026140293170505446
0.07280524722502704,0,312.63176301739253,0.301,-0.0026047240424468382
0.07672552976791305,0,312.62738586307154,0.301,-0.002541682195225375
0.07616548940464365,0,312.6280357882978,0.301,-0.002550413278306249
0.07560544904137426,0,312.6286679955125,0.301,-0.0025591667814807736
0.07504540867810475,0,312.6292911316339,0.301,-0.0025679847589783196
0.07448536831483535,0,312.6298745510661,0.301,-0.002577206836510744
0.07392532795156583,0,312.63050266931157,0.301,-0.002586432391258
0.07336528758829632,0,312.63113066791533,0.301,-0.0025955905816286407
0.07728557013118256,0,312.6267669757807,0.301,-0.0025329368980054777
0.07784561049445196,0,312.62613511281245,0.301,-0.0025244251508777338
0.07840565085772136,0,312.6254890214133,0.301,-0.0025160232259189633
0.07896569122099076,0,312.62482359582447,0.301,-0.002507783354664345
0.07952573158426027,0,312.62415155216524,0.301,-0.0024995752310065923
0.08008577194752967,0,312.62348585961354,0.301,-0.0024914157383791
0.08064581231079906,0,312.62280064526715,0.301,-0.002483425477108275
0.08120585267406859,0,312.6220936295788,0.301,-0.0024755702803957707
0.08176589303733804,0,312.62138748640615,0.301,-0.002467685299970384
0.0823259334006075,0,312.62068638086294,0.301,-0.002459819316784066
0.0828859737638769,0,312.6199971703373,0.301,-0.0024519862096642852
0.0834460141271464,0,312.61931724128556,0.301,-0.002444201062456714
0.0840060544904158,0,312.618638841306,0.301,-0.0024365272535094478
0.0845660948536852,0,312.6179602789159,0.301,-0.00242892712658146
0.08512613521695465,0,312.61728382318466,0.301,-0.002421389255585615
0.08568617558022405,0,312.6165986950007,0.301,-0.0024140087942066666
0.0862462159434935,0,312.6159124123785,0.301,-0.0024066586246813152
0.0868062563067629,0,312.61522600630883,0.301,-0.0023993770761272164
0.08736629667003243,0,312.6145418494429,0.301,-0.0023921744719338583
0.08792633703330181,0,312.6138694870076,0.301,-0.002384981385647346
0.08848637739657121,0,312.6131918061881,0.301,-0.00237782980450746
0.08904641775984073,0,312.61252226188697,0.301,-0.0023707236145839384
0.08960645812311006,0,312.6118600024642,0.301,-0.0023636971352269495
0.09016649848637952,0,312.6112094209568,0.301,-0.002356672575666398
0.09072653884964897,0,312.6105709531342,0.301,-0.00234968248370208
0.09128657921291837,0,312.60993561214735,0.301,-0.002342801885134219
0.09184661957618777,0,312.60929307915524,0.301,-0.00233606003427884
0.09240665993945722,0,312.6086583979334,0.301,-0.0023293002167838494
0.09296670030272668,0,312.6080367043224,0.301,-0.002322572631805875
0.09352674066599614,0,312.60741869734056,0.301,-0.002315943079584275
0.09408678102926553,0,312.60679086868646,0.301,-0.002309456278108985
0.09464682139253493,0,312.6061775900473,0.301,-0.0023028573759765253
0.09520686175580438,0,312.6055768686202,0.301,-0.002296365375996507
0.09576690211907384,0,312.6049592285477,0.301,-0.0022900477457238706
0.0963269424823433,0,312.60431704282104,0.301,-0.0022839079244639016
0.09688698284561276,0,312.60366139201216,0.301,-0.0022778028915207073
0.09744702320888209,0,312.60300191001244,0.301,-0.0022716965604601138
0.09800706357215154,0,312.60234692607213,0.301,-0.002265618636375662
0.09968718466195992,0,312.60034053602885,0.301,-0.002247929906098158
0.09912714429869039,0,312.6010299155922,0.301,-0.002253697279747682
0.09856710393542094,0,312.6016964711037,0.301,-0.0022595938175276795
0.10024722502522931,0,312.5996479837335,0.301,-0.002242143674685735
0.10080726538849871,0,312.5989711092495,0.301,-0.0022362749362159224
0.1013673057517681,0,312.5983124200976,0.301,-0.0022303716819889333
0.10192734611503756,0,312.59766243825806,0.301,-0.002224552553013142
0.10248738647830695,0,312.5969999491047,0.301,-0.0022189375681475605
0.10360746720484587,0,312.5955928240902,0.301,-0.0022080564679967402
0.1030474268415764,0,312.5963033898765,0.301,-0.0022134969428693444
0.10416750756811526,0,312.59489180626514,0.301,-0.0022025372697329656
0.10472754793138478,0,312.59420333874954,0.301,-0.0021969836004709755
0.10528758829465411,0,312.59352502415607,0.301,-0.00219145604787863
0.10584762865792358,0,312.5928511801723,0.301,-0.002186000979850331
0.10640766902119296,0,312.5921792271661,0.301,-0.002180602861936407
0.10696770938446243,0,312.5915175187787,0.301,-0.002175192666414875
0.10752774974773188,0,312.59086088792026,0.301,-0.00216984629269616
0.10808779011100128,0,312.5901939005833,0.301,-0.002164622055671044
0.10864783047427073,0,312.5895179913347,0.301,-0.002159476444608398
0.10920787083754013,0,312.58883318023913,0.301,-0.0021543834527783853
0.10976791120080959,0,312.58813841144786,0.301,-0.0021493372463598564
0.11032795156407897,0,312.5874407362179,0.301,-0.0021443020448654176
0.11088799192734837,0,312.5867572780165,0.301,-0.0021392305194743878
0.1114480322906179,0,312.58607947149306,0.301,-0.002134200025258654
0.11200807265388735,0,312.58539827039397,0.301,-0.0021292506490839286
0.11256811301715668,0,312.5847183327798,0.301,-0.002124302209524017
0.11312815338042614,0,312.5840415860283,0.301,-0.0021193866710797833
0.1136881937436956,0,312.58337025998605,0.301,-0.002114476898301957
0.11424823410696511,0,312.58271004569775,0.301,-0.0021095725943395685
0.11480827447023445,0,312.58205228351915,0.301,-0.002104706797231516
0.11536831483350396,0,312.5813998567383,0.301,-0.0020998942374783314
0.11592835519677343,0,312.5807584864481,0.301,-0.0020950576504475582
0.11648839556004276,0,312.5801223780527,0.301,-0.002090264616361677
0.11704843592331216,0,312.57949037054743,0.301,-0.0020855194781141465
0.11760847628658161,0,312.57886941617096,0.301,-0.002080734208306418
0.11816851664985113,0,312.5782557622005,0.301,-0.0020760248725806294
0.11872855701312052,0,312.577636651138,0.301,-0.002071415193259535
0.11928859737638986,0,312.57701495924977,0.301,-0.002066846185614504
0.11984863773965931,0,312.57638450878306,0.301,-0.0020623352499944073
0.12040867810292877,0,312.57575570763044,0.301,-0.0020578086271484104
0.12096871846619822,0,312.5751269306542,0.301,-0.0020533367777068657
0.12152875882946756,0,312.5744883034369,0.301,-0.0020489559056060267
0.12208879919273707,0,312.5738428819904,0.301,-0.0020446273884184725
0.12264883955600647,0,312.5731931337626,0.301,-0.002040325397719759
0.12320887991927593,0,312.5725406754714,0.301,-0.0020360357528174276
0.12376892028254532,0,312.571887719349,0.301,-0.0020317724354494563
0.12432896064581472,0,312.57123820620416,0.301,-0.00202750725134188
0.12488900100908423,0,312.5705907370402,0.301,-0.002023265532012828
0.12544904137235363,0,312.56994346107655,0.301,-0.002019078369276736
0.12600908173562309,0,312.5692952411557,0.301,-0.0020148894522958897
0.12656912209889248,0,312.56865114971606,0.301,-0.002010717082212714
0.12712916246216194,0,312.5680105443486,0.301,-0.0020065725472659156
0.1276892028254314,0,312.56737730889375,0.301,-0.0020024152248705918
0.12824924318870085,0,312.5667478517333,0.301,-0.001998280746621042
0.12880928355197024,0,312.56612178411035,0.301,-0.0019941911781183046
0.1293693239152397,0,312.56549921457446,0.301,-0.0019901123705659213
0.1299293642785091,0,312.56487427122056,0.301,-0.0019860882555049393
0.13048940464177863,0,312.5642541006793,0.301,-0.0019820673786975717
0.13104944500504795,0,312.5636405921753,0.301,-0.0019780711724579326
0.1316094853683174,0,312.56302274397336,0.301,-0.001974148515956354
0.13216952573158686,0,312.5623985365323,0.301,-0.0019702688095236585
0.13272956609485634,0,312.56177889286704,0.301,-0.0019663692677667544
0.1332896064581257,0,312.5611599046318,0.301,-0.0019624905108452406
0.1338496468213952,0,312.5605401452761,0.301,-0.0019586577808861556
0.13440968718466456,0,312.55991952303964,0.301,-0.0019548475983791106
0.13496972754793396,0,312.55930640900436,0.301,-0.0019510249398485113
0.13552976791120336,0,312.5587000542629,0.301,-0.0019471790497032253
0.1360898082744728,0,312.5581222647398,0.301,-0.001943221726619321
0.13664984863774227,0,312.55755233416335,0.301,-0.0019393377613591547
0.13720988900101172,0,312.5569856380151,0.301,-0.001935517104700795
0.13776992936428112,0,312.55640867341634,0.301,-0.0019318329204821283
0.13832996972755057,0,312.5558147221154,0.301,-0.0019282237525796188
0.1388900100908201,0,312.5552245648611,0.301,-0.0019245552147882062
0.1394500504540895,0,312.5546480418703,0.301,-0.0019209013620985088
0.1400100908173589,0,312.55405071735504,0.301,-0.0019174064526920219
0.14057013118062828,0,312.55342988407284,0.301,-0.0019140179357696042
0.14113017154389776,0,312.55278211081026,0.301,-0.0019107131158087932
0.1416902119071672,0,312.5521297967616,0.301,-0.001907369379346959
0.14225025227043667,0,312.55149318238495,0.301,-0.0019039452340328636
0.14281029263370607,0,312.55084758286733,0.301,-0.0019005741184057714
0.14337033299697552,0,312.55021101008026,0.301,-0.0018971437811882163
0.14393037336024492,0,312.5495790950862,0.301,-0.0018937197717893302
0.14449041372351443,0,312.5489607544773,0.301,-0.0018902311949476282
0.14505045408678377,0,312.5483499540729,0.301,-0.0018867716060963825
0.14561049445005328,0,312.5477450707399,0.301,-0.0018833151691308237
0.14617053481332268,0,312.5471501047172,0.301,-0.0018798696358246756
0.14673057517659213,0,312.5465575298867,0.301,-0.0018764780018121674
0.14729061553986153,0,312.5459616947087,0.301,-0.0018731380947657346
0.14785065590313093,0,312.54536201925157,0.301,-0.0018698261337691856
0.14841069626640033,0,312.54476229040785,0.301,-0.0018665422343923817
0.14897073662966984,0,312.5441611375015,0.301,-0.0018632769345311483
0.14953077699293923,0,312.54356004403706,0.301,-0.0018600235765180132
0.1500908173562087,0,312.5429603747409,0.301,-0.0018567912598921323
0.15065085771947814,0,312.54236375345926,0.301,-0.0018535667891282806
0.1512108980827476,0,312.54176494191427,0.301,-0.0018503834175188697
0.15177093844601686,0,312.5411624112978,0.301,-0.0018472296401645337
0.15233097880928645,0,312.5405608048852,0.301,-0.0018440812682371927
0.15289101917255585,0,312.53996312209716,0.301,-0.0018409319365942276
0.1534510595358253,0,312.5393594160202,0.301,-0.0018378468383647563
0.15401109989909464,0,312.53874724271367,0.301,-0.0018348137835804926
0.1545711402623641,0,312.53813307280666,0.301,-0.00183178673484157
0.15513118062563355,0,312.5375137694369,0.301,-0.001828782208651786
0.155691220988903,0,312.5368896044348,0.301,-0.001825807917650858
0.15625126135217235,0,312.5362618944641,0.301,-0.0018228378551165536
0.1568113017154418,0,312.5356468390979,0.301,-0.0018198104785579771
0.15737134207871126,0,312.5350325587929,0.301,-0.0018168131673574732
0.15793138244198077,0,312.53441627884143,0.301,-0.0018138529276387773
0.1584914228052501,0,312.53381124741765,0.301,-0.001810845576788521
0.15905146316851956,0,312.5332070592437,0.301,-0.0018078740549682974
0.15961150353178902,0,312.53261036518444,0.301,-0.0018048688957512035
0.16017154389505842,0,312.53201760068333,0.301,-0.0018019303879151004
0.16073158425832787,0,312.53141297457506,0.301,-0.0017990669974272113
0.16129162462159727,0,312.5308047372158,0.301,-0.0017961923317746157
0.16185166498486672,0,312.5302054912344,0.301,-0.0017932783829898646
0.16241170534813618,0,312.5296049843164,0.301,-0.0017904116500997288
0.16297174571140557,0,312.5289995979793,0.301,-0.001787600272096647
0.16353178607467497,0,312.5283865861237,0.301,-0.0017848250311123998
0.16409182643794448,0,312.52776720045784,0.301,-0.0017820751054052684
0.164651866801214,0,312.5271483905049,0.301,-0.0017793131178273959
0.1652119071644834,0,312.52653917136155,0.301,-0.0017765162683881246
0.16577194752775268,0,312.52593151194293,0.301,-0.0017737477874913837
0.1663319878910222,0,312.52532279931233,0.301,-0.001771001899340583
0.16689202825429159,0,312.5247152114836,0.301,-0.0017682680267727044
0.1674520686175611,0,312.52411210960054,0.301,-0.0017655219983725517
0.16801210898083044,0,312.5235129565686,0.301,-0.0017627726076129334
0.16857214934409995,0,312.52291707934273,0.301,-0.0017600402343991909
0.16913218970736935,0,312.522324853702,0.301,-0.0017573190809805613
0.1696922300706388,0,312.5217331165398,0.301,-0.0017546086327492588
0.1702522704339082,0,312.52114368990783,0.301,-0.0017519214731474785
0.1708123107971776,0,312.52055084819125,0.301,-0.0017492690987119294
0.17137235116044705,0,312.5199626772273,0.301,-0.0017465942854010994
0.17193239152371645,0,312.5193826070565,0.301,-0.0017439167377009967
0.17249243188698585,0,312.5188000400872,0.301,-0.0017412896948617613
0.17305247225025536,0,312.51821473248447,0.301,-0.0017386944555443618
0.17361251261352476,0,312.51763046292194,0.301,-0.0017361082973739728
0.1741725529767942,0,312.5170440218119,0.301,-0.0017335466811347557
0.1747325933400636,0,312.51645492031815,0.301,-0.0017310065037206212
0.17529263370333306,0,312.51586292824953,0.301,-0.0017284813450251493
0.17585267406660252,0,312.5152771364514,0.301,-0.0017259555132454717
0.17641271442987205,0,312.51468478849995,0.301,-0.0017234501394748037
0.17697275479314145,0,312.5140971632566,0.301,-0.0017209244291826035
0.17753279515641096,0,312.5135148438145,0.301,-0.0017183638807837167
0.1792129162462192,0,312.5118175247617,0.301,-0.0017107405212094112
0.1786528758829498,0,312.5123803747409,0.301,-0.0017132772057248385
0.17809283551968036,0,312.51294858031224,0.301,-0.0017157952021911642
0.1797729566094886,0,312.51125071154263,0.301,-0.0017082650404984722
0.18033299697275806,0,312.5106734895165,0.301,-0.0017058722587776525
0.18089303733602746,0,312.5100837175982,0.301,-0.0017035212380684809
0.18145307769929678,0,312.50948541134784,0.301,-0.0017012005779150714
0.18201311806256618,0,312.5088858268161,0.301,-0.0016988472963211446
0.18257315842583577,0,312.50828749475073,0.301,-0.0016964923169680982
0.18313319878910517,0,312.5076881101276,0.301,-0.0016941419010805113
0.18369323915237468,0,312.50709397356616,0.301,-0.0016917631705943058
0.18425327951564408,0,312.50650362467064,0.301,-0.0016893792466726348
0.18481331987891353,0,312.5059204916324,0.301,-0.0016869942674215632
0.18537336024218298,0,312.50534181236276,0.301,-0.0016846093275425184
0.18593340060545244,0,312.5047700299966,0.301,-0.0016822091182674304
0.18649344096872178,0,312.50420368071536,0.301,-0.001679849418898663
0.18705348133199118,0,312.50362478163044,0.301,-0.0016775766196817084
0.18761352169526063,0,312.5030439939457,0.301,-0.0016752949114892065
0.18817356205853014,0,312.5024572859754,0.301,-0.0016730451096300565
0.18873360242179954,0,312.50186834899955,0.301,-0.0016708032549950227
0.18929364278506894,0,312.50128066930984,0.301,-0.0016685470711914109
0.18985368314833834,0,312.50069274159233,0.301,-0.0016663254865833623
0.1904137235116078,0,312.5001032860201,0.301,-0.0016641115305460284
0.1909737638748772,0,312.49951782898523,0.301,-0.0016618909127636258
0.1915338042381466,0,312.4989266807972,0.301,-0.0016597065088223483
0.19209384460141596,0,312.49833421240453,0.301,-0.0016575320252074028
0.1926538849646855,0,312.4977480079387,0.301,-0.001655335220975464
0.19321392532795476,0,312.49715780030544,0.301,-0.0016531633912314828
0.1937739656912242,0,312.49656460975746,0.301,-0.0016509962537879896
0.19433400605449375,0,312.4959774391043,0.301,-0.0016488034132438594
0.19489404641776312,0,312.495394853861,0.301,-0.0016466260571045275
0.20105449041372692,0,312.48896852197737,0.301,-0.001623522315175911
0.20049445005045746,0,312.4895594557332,0.301,-0.0016255659841093967
0.19993440968718806,0,312.49015480545796,0.301,-0.0016275846563531548
0.19545408678103246,0,312.4948116651958,0.301,-0.001644461129649078
0.19601412714430191,0,312.4942310939428,0.301,-0.0016422979230381626
0.1993743693239186,0,312.4907445100031,0.301,-0.001629611350478688
0.19881432896064927,0,312.49132524156255,0.301,-0.0016316929938947318
0.19657416750757145,0,312.4936491063387,0.301,-0.001640156383355518
0.19713420787084096,0,312.49306644200476,0.301,-0.0016380254188339478
0.19825428859737976,0,312.4919085333661,0.301,-0.001633774895352128
0.1976942482341103,0,312.49248761814795,0.301,-0.0016358843625552092
0.20161453077699643,0,312.48837803374516,0.301,-0.0016214941309381046
0.20217457114026588,0,312.48778796971226,0.301,-0.0016194661736255494
0.20273461150353522,0,312.48720509085996,0.301,-0.0016173952897587931
0.20329465186680468,0,312.4866261697961,0.301,-0.0016153300557832102
0.20385469223007413,0,312.48605554495214,0.301,-0.001613262020771016
0.20441473259334353,0,312.4854932111277,0.301,-0.0016111864408323612
0.20497477295661293,0,312.4849366949691,0.301,-0.001609100492911088
0.20553481331988244,0,312.4843794833277,0.301,-0.001607046074078825
0.2060948536831519,0,312.48383265434774,0.301,-0.0016049582614962427
0.20665489404642134,0,312.4832843269906,0.301,-0.0016029246340916615
0.20721493440969074,0,312.48272647535714,0.301,-0.001600971486921073
0.20777497477296025,0,312.48215728608983,0.301,-0.001599065404035172
0.20889505549949905,0,312.4809989026399,0.301,-0.001595290807512862
0.20833501513622965,0,312.4815797606351,0.301,-0.00159717887527244
0.20945509586276845,0,312.4804164511637,0.301,-0.0015934076324884484
0.21001513622603785,0,312.47982979618155,0.301,-0.0015915377414437656
0.21057517658930744,0,312.4792411072349,0.301,-0.0015896737313983492
0.2111352169525769,0,312.4786506954625,0.301,-0.0015878073358676305
0.21169525731584615,0,312.4780616213616,0.301,-0.0015859327452695732
0.2122552976791156,0,312.47747863958784,0.301,-0.0015840453280051708
0.21281533804238506,0,312.47689253675856,0.301,-0.0015821751018165275
0.21337537840565451,0,312.47630566844083,0.301,-0.001580315451393106
0.2139354187689239,0,312.47571933546845,0.301,-0.0015784632000223598
0.21449545913219326,0,312.4751358040792,0.301,-0.0015766000110289107
0.21505549949546285,0,312.47455324769874,0.301,-0.0015747385028326995
0.21561553985873222,0,312.4739722608932,0.301,-0.0015728827437269826
0.21617558022200176,0,312.47339581073106,0.301,-0.0015710212382316828
0.21673562058527107,0,312.47282109795685,0.301,-0.0015691665713400999
0.21729566094854053,0,312.4722468841181,0.301,-0.0015673256380171572
0.21785570131181,0,312.47167357006236,0.301,-0.0015654897974456202
0.21841574167507952,0,312.4711018651395,0.301,-0.0015636645811166897
0.21897578203834878,0,312.47053055618375,0.301,-0.0015618532545579843
0.2195358224016183,0,312.4699548504481,0.301,-0.0015600624508901003
0.22009586276488777,0,312.4693798388711,0.301,-0.0015582638833107833
0.22065590312815722,0,312.4688095512125,0.301,-0.0015564550714161692
0.22121594349142648,0,312.4682418120141,0.301,-0.0015546528222011545
0.22177598385469602,0,312.4676750634385,0.301,-0.001552861534967385
0.22233602421796547,0,312.46710768098063,0.301,-0.0015510869143549374
0.22289606458123493,0,312.466538767264,0.301,-0.0015493276973385357
0.22345610494450432,0,312.46596933631383,0.301,-0.0015475793968697435
0.22401614530777378,0,312.4654006105429,0.301,-0.0015458300896340439
0.22457618567104318,0,312.464831736985,0.301,-0.0015440897068816255
0.22513622603431258,0,312.4642643853641,0.301,-0.0015423512583389578
0.22569626639758203,0,312.4636992431729,0.301,-0.001540614389067729
0.22625630676085143,0,312.4631326152906,0.301,-0.0015388932427187383
0.22681634712412094,0,312.46256574785065,0.301,-0.0015371703001472198
0.2273763874873904,0,312.4620055045019,0.301,-0.0015354346559888394
0.22793642785065973,0,312.4614418416576,0.301,-0.0015337226400559793
0.22849646821392924,0,312.4608791819763,0.301,-0.0015320151499084835
0.22905650857719864,0,312.4603207413797,0.301,-0.001530307132093377
0.22961654894046804,0,312.4597611237902,0.301,-0.001528616909750946
0.23017658930373744,0,312.45919934026665,0.301,-0.0015269362671278947
0.2307366296670069,0,312.4586391466031,0.301,-0.0015252578983907293
0.23129667003027646,0,312.458083716314,0.301,-0.0015235732082131744
0.23185671039354586,0,312.45752913655775,0.301,-0.0015218681058272565
0.23241675075681525,0,312.45698054928454,0.301,-0.0015201535206364732
0.2329767911200847,0,312.4564368004741,0.301,-0.0015184329836139966
0.2335368314833541,0,312.4559012846341,0.301,-0.0015167048417609635
0.2340968718466235,0,312.455366527342,0.301,-0.0015150165906978334
0.23465691220989301,0,312.4548296708642,0.301,-0.001513352372443723
0.23521695257316236,0,312.45428977109975,0.301,-0.0015117221824693422
0.23577699293643192,0,312.4537387553182,0.301,-0.0015101531892781894
0.23633703329970132,0,312.45318019869114,0.301,-0.0015085849728478696
0.23689707366297072,0,312.45262128291597,0.301,-0.0015069970841617803
0.23745711402624017,0,312.45206499373234,0.301,-0.0015053923255346625
0.23801715438950963,0,312.4515141052957,0.301,-0.0015037552791033733
0.23857719475277908,0,312.4509690836654,0.301,-0.0015021117888744848
0.23913723511604856,0,312.4504286201028,0.301,-0.0015004705844900207
0.23969727547931788,0,312.449891881439,0.301,-0.001498842930119714
0.24025731584258742,0,312.4493549897118,0.301,-0.0014972425588299092
0.24081735620585687,0,312.4488167897351,0.301,-0.001495656593552126
0.24137739656912632,0,312.44827840219205,0.301,-0.0014940816179698857
0.24193743693239572,0,312.4477351100228,0.301,-0.0014925445415485915
0.24249747729566518,0,312.4471857836493,0.301,-0.001491023277466662
0.24305751765893463,0,312.4466359630511,0.301,-0.0014895021658506433
0.24361755802220408,0,312.4460840631776,0.301,-0.0014879993520064893
0.24417759838547343,0,312.4455270635834,0.301,-0.0014865108964943038
0.24473763874874288,0,312.44496743980073,0.301,-0.0014850206631744861
0.2452976791120124,0,312.4444065900146,0.301,-0.0014835357537425911
0.24585771947528184,0,312.44384309784834,0.301,-0.0014820661488871654
0.2464177598385512,0,312.44327489552967,0.301,-0.0014806159237516904
0.24697780020182064,0,312.44270458244677,0.301,-0.001479157542054136
0.2475378405650901,0,312.4421340601225,0.301,-0.001477697735608181
0.2480978809283595,0,312.4415629842329,0.301,-0.0014762384743880464
0.2486579212916289,0,312.44099474243814,0.301,-0.0014747789593872365
0.2492179616548984,0,312.44042277076363,0.301,-0.0014733352382549374
0.24977800201816786,0,312.4398485540377,0.301,-0.001471896399343053
0.25033804238143725,0,312.43927779135885,0.301,-0.001470455557648312
0.25313824419778447,0,312.4364301678341,0.301,-0.0014632055623233404
0.252578203834515,0,312.43699926190345,0.301,-0.0014646404967275394
0.2520181634712455,0,312.4375661155196,0.301,-0.0014660894024121822
0.2508980827447067,0,312.4387046011156,0.301,-0.0014690150171078637
0.25145812310797616,0,312.4381326240696,0.301,-0.0014675561102982326
0.2536982845610539,0,312.43586192038464,0.301,-0.0014617677674425562
0.2542583249243233,0,312.4352928421841,0.301,-0.0014603455774790234
0.2548183652875927,0,312.43472272951067,0.301,-0.001458932545021916
0.2553784056508623,0,312.43415456898623,0.301,-0.0014575053144171442
0.2559384460141316,0,312.4335937574242,0.301,-0.0014560550176563082
0.2564984863774011,0,312.43303518268976,0.301,-0.0014546137005463588
0.2570585267406705,0,312.4324781005771,0.301,-0.001453184357535042
0.25761856710393993,0,312.4319274254728,0.301,-0.0014517387090975775
0.25817860746720933,0,312.4313802515248,0.301,-0.0014502812302672314
0.2587386478304788,0,312.43083586040865,0.301,-0.0014488272236834136
0.25929868819374824,0,312.43029693211287,0.301,-0.0014473513368752195
0.25985872855701775,0,312.4297681232705,0.301,-0.0014458574839328383
0.2604187689202871,0,312.4292397939588,0.301,-0.001444401064348569
0.2609788092835566,0,312.4287098377206,0.301,-0.0014429767471242855
0.261538849646826,0,312.42818028692363,0.301,-0.0014415558248899519
0.26209889001009545,0,312.4276520117055,0.301,-0.0014401408077371939
0.262658930373365,0,312.4271249123008,0.301,-0.00143873675240394
0.2632189707366343,0,312.42659637648546,0.301,-0.0014373424543060263
0.26377901109990365,0,312.42606792996287,0.301,-0.0014359551127363349
0.26433905146317327,0,312.4255427110591,0.301,-0.0014345745464708025
0.2648990918264426,0,312.4250153585731,0.301,-0.0014331976137316347
0.2654591321897121,0,312.4244875103308,0.301,-0.0014318304385814848
0.26601917255298146,0,312.4239616903368,0.301,-0.0014304499252950978
0.266579212916251,0,312.42344431516756,0.301,-0.0014290453769325478
0.26713925327952043,0,312.42292704062487,0.301,-0.0014276608491254471
0.2676992936427898,0,312.42240782984186,0.301,-0.001426309308455053
0.2682593340060594,0,312.4218858385846,0.301,-0.0014249805901720293
0.2688193743693288,0,312.4213615383405,0.301,-0.0014236567093399287
0.26937941473259813,0,312.4208349002797,0.301,-0.001422332445053978
0.2699394550958676,0,312.42031158766923,0.301,-0.0014209973539070892
0.270499495459137,0,312.41978539778995,0.301,-0.0014196927498056325
0.27105953582240633,0,312.419254956623,0.301,-0.0014183955572336982
0.27161957618567567,0,312.4187251326048,0.301,-0.0014170872102345193
0.2721796165489452,0,312.4181964827011,0.301,-0.0014157801219253907
0.2727396569122147,0,312.41766821621604,0.301,-0.0014144723886092593
0.2732996972754839,0,312.4171419520599,0.301,-0.0014131645233192824
0.27385973763875343,0,312.4166153117448,0.301,-0.0014118682824372979
0.2744197780020228,0,312.4160895391973,0.301,-0.001410573715833692
0.2749798183652922,0,312.4155619154417,0.301,-0.001409299564402566
0.2755398587285617,0,312.4150304256289,0.301,-0.0014080440557626985
0.2760998990918311,0,312.41449703433074,0.301,-0.0014067928924007512
0.2766599394551004,0,312.4139631843156,0.301,-0.0014055379682731274
0.2772199798183699,0,312.4134312920899,0.301,-0.0014042753475759066
0.27778002018163916,0,312.41289825215483,0.301,-0.001403028617209932
0.27834006054490873,0,312.4123630245599,0.301,-0.0014017903944355274
0.2789001009081782,0,312.4118287543393,0.301,-0.0014005464777366349
0.2794601412714475,0,312.41129270008537,0.301,-0.0013993102420308252
0.2800201816347169,0,312.41075623381107,0.301,-0.0013980765466452493
0.2805802219979863,0,312.4102214030022,0.301,-0.001396831485435523
0.2811402623612556,0,312.4096907161042,0.301,-0.0013955740216724626
0.28170030272452523,0,312.40915928156136,0.301,-0.0013943381288658526
0.28226034308779463,0,312.40862562447177,0.301,-0.0013931192397656782
0.282820383451064,0,312.40809076037897,0.301,-0.001391904396905645
0.28338042381433337,0,312.4075574941252,0.301,-0.0013906782131357482
0.2839404641776027,0,312.4070264938821,0.301,-0.0013894504744680859
0.2845005045408722,0,312.40649687392244,0.301,-0.001388222809546577
0.2850605449041417,0,312.4059703824701,0.301,-0.0013869883618845842
0.28562058526741113,0,312.40544575619435,0.301,-0.0013857578684618034
0.2861806256306804,0,312.4049217428574,0.301,-0.0013845335315426405
0.28674066599394976,0,312.4043985296597,0.301,-0.0013833156047127725
0.2873007063572193,0,312.40387444450073,0.301,-0.001382104757921535
0.2878607467204887,0,312.40335365343265,0.301,-0.0013808729466703894
0.2884207870837581,0,312.4028421025103,0.301,-0.001379597916745916
0.28898082744702747,0,312.40234211983017,0.301,-0.0013782991656230432
0.28954086781029686,0,312.40184668989366,0.301,-0.0013770286069327397
0.29010090817356626,0,312.4013516147454,0.301,-0.0013757882774957737
0.2906609485368357,0,312.40085656267314,0.301,-0.001374558977404636
0.29122098890010517,0,312.4003627073059,0.301,-0.0013733394982449656
0.29178102926337457,0,312.3998676609605,0.301,-0.001372127093947071
0.29234106962664397,0,312.39937122924647,0.301,-0.001370934643862795
0.29290110998991337,0,312.3988720613768,0.301,-0.0013697543539670778
0.29346115035318276,0,312.3983739798944,0.301,-0.001368564278249913
0.29402119071645216,0,312.3978787480402,0.301,-0.001367371750989093
0.2945812310797216,0,312.39738148367405,0.301,-0.0013661945361344817
0.29514127144299096,0,312.39688534923977,0.301,-0.0013650134699201163
0.29570131180626036,0,312.3963922323398,0.301,-0.0013638304717238782
0.29626135216952976,0,312.3958980898631,0.301,-0.0013626652752082079
0.29682139253279927,0,312.3954002196477,0.301,-0.0013615194236279834
0.29738143289606866,0,312.3949031814661,0.301,-0.0013603779944239079
0.2979414732593381,0,312.394401515917,0.301,-0.0013592554865778938
0.29850151362260746,0,312.3938973042207,0.301,-0.001358142928714418
0.29906155398587686,0,312.3933898100994,0.301,-0.0013570470950471042
0.2996215943491464,0,312.39287498195347,0.301,-0.0013559906514816523
0.30018163471241577,0,312.3923519339297,0.301,-0.0013549516675067323
0.3007416750756851,0,312.3918287425271,0.301,-0.0013538980596499777
0.30130171543895456,0,312.39130043059396,0.301,-0.0013528301487079632
0.3018617558022239,0,312.3907741612403,0.301,-0.0013517435891150155
0.3024217961654933,0,312.39024997700966,0.301,-0.0013506448243914412
0.30298183652876287,0,312.3897282901791,0.301,-0.0013495445634805047
0.3035418768920322,0,312.3892133176587,0.301,-0.0013484190104663264
0.3041019172553016,0,312.3887019780871,0.301,-0.0013472986714387646
0.3046619576185709,0,312.38819303891154,0.301,-0.0013461693788207483
0.30522199798184046,0,312.38769309645846,0.301,-0.0013450106443966723
0.30578203834510975,0,312.3871979371741,0.301,-0.0013438480046074257
0.30634207870837926,0,312.3867021603304,0.301,-0.0013427244252553956
0.30690211907164877,0,312.3862043621067,0.301,-0.0013416415799464515
0.307462159434918,0,312.3856976731731,0.301,-0.0013406051349307252
0.30802219979818757,0,312.3851853760672,0.301,-0.0013395594198785127
0.3085822401614568,0,312.3846730984558,0.301,-0.0013385009061673535
0.30914228052472625,0,312.3841613942386,0.301,-0.001337457461923593
0.3097023208879957,0,312.38364236936474,0.301,-0.0013364353204912117
0.3102623612512651,0,312.3831185475352,0.301,-0.0013354156097843445
0.3108224016145345,0,312.38259704468356,0.301,-0.0013343948175047258
0.31138244197780396,0,312.3820709087836,0.301,-0.001333385398308207
0.3119424823410733,0,312.3815561924629,0.301,-0.0013323123426392273
0.3125025227043427,0,312.38104215176287,0.301,-0.0013312501221270712
0.3130625630676122,0,312.38053165261715,0.301,-0.001330168281026632
0.31362260343088155,0,312.38003004943,0.301,-0.001329064475142086
0.314182643794151,0,312.3795266261005,0.301,-0.0013279937632254617
0.3147426841574204,0,312.37902041509784,0.301,-0.0013269445170047901
0.3153027245206898,0,312.3785132624108,0.301,-0.0013259029102636976
0.3186629667003063,0,312.3754988474739,0.301,-0.0013196377860019302
0.3181029263370369,0,312.37600023438574,0.301,-0.001320667309719076
0.3175428859737674,0,312.37650191129524,0.301,-0.0013217032520768145
0.3158627648839592,0,312.37800578661916,0.301,-0.0013248598871004786
0.3164228052472286,0,312.3775032088993,0.301,-0.0013237938625373575
0.316982845610498,0,312.37700258470164,0.301,-0.0013227401827973575
0.3192230070635757,0,312.3749965788486,0.301,-0.001318625371610746
0.31978304742684505,0,312.3744906777186,0.301,-0.0013176296240242494
0.3203430877901145,0,312.37398132448294,0.301,-0.0013166432062686336
0.32090312815338395,0,312.37347028007247,0.301,-0.0013156573517028455
0.3214631685166533,0,312.3729586270214,0.301,-0.0013146688979605663
0.3220232088799228,0,312.37244625863667,0.301,-0.0013136822005541322
0.3242633703330004,0,312.3703913206869,0.301,-0.0013097645357407748
0.323703329969731,0,312.37090530173293,0.301,-0.0013107459901414997
0.32258324924319215,0,312.37193345876574,0.301,-0.0013126993320047083
0.3231432896064617,0,312.3714200394381,0.301,-0.0013117202292129524
0.32482341069626974,0,312.3698758734644,0.301,-0.0013087956131824145
0.3253834510595393,0,312.36935975765124,0.301,-0.0013078323300011996
0.3259434914228087,0,312.3688396778389,0.301,-0.0013068812250428491
0.326503531786078,0,312.36831666998233,0.301,-0.0013059385464645604
0.3270635721493474,0,312.36779377559384,0.301,-0.0013049845199047626
0.32762361251261685,0,312.3672724972928,0.301,-0.0013040264316630935
0.3281836528758864,0,312.366747701473,0.301,-0.0013030871071784025
0.3287436932391557,0,312.3662221989411,0.301,-0.0013021483443010967
0.32930373360242504,0,312.36569368397505,0.301,-0.0013012156993527973
0.3298637739656945,0,312.36516462725217,0.301,-0.001300276993362673
0.33042381432896384,0,312.3646389367791,0.301,-0.0012993216756472376
0.33098385469223335,0,312.3641139070867,0.301,-0.0012983719244472568
0.33154389505550275,0,312.36358770945145,0.301,-0.0012974265331544858
0.3321039354187722,0,312.36306510781395,0.301,-0.0012964669640227117
0.33266397578204154,0,312.3625448279928,0.301,-0.0012954992496391616
0.33322401614531094,0,312.3620268237496,0.301,-0.0012945281909368792
0.33378405650858034,0,312.36151176942883,0.301,-0.001293555869138515
0.3343440968718498,0,312.360997812788,0.301,-0.0012925902362716376
0.3349041372351192,0,312.360483412847,0.301,-0.0012916377402101818
0.3354641775983886,0,312.3599686994216,0.301,-0.0012906904476080489
0.33602421796165804,0,312.35945360132985,0.301,-0.001289749986008603
0.3365842583249274,0,312.35893711677556,0.301,-0.001288819215061795
0.33714429868819684,0,312.35841988674855,0.301,-0.001287893488585833
0.33770433905146624,0,312.3579027199917,0.301,-0.0012869640638225217
0.33826437941473564,0,312.35738746633353,0.301,-0.0012860281393187428
0.3388244197780051,0,312.3568743720015,0.301,-0.0012850837980819256
0.33938446014127455,0,312.35636428300427,0.301,-0.0012841376321726375
0.33994450050454383,0,312.35585530816394,0.301,-0.001283199787558806
0.34050454086781334,0,312.35534533228827,0.301,-0.0012822689281177535
0.34106458123108274,0,312.3548352287864,0.301,-0.0012813320088244824
0.34162462159435214,0,312.354330431345,0.301,-0.0012803824764687367
0.34218466195762154,0,312.35382552910505,0.301,-0.0012794473415418451
0.34274470232089105,0,312.3533204449722,0.301,-0.0012785241136544993
0.3433047426841603,0,312.35281652248864,0.301,-0.0012775959366389806
0.34386478304742985,0,312.35231468368954,0.301,-0.001276664266829918
0.3444248234106992,0,312.35181228105625,0.301,-0.001275743729832603
0.3449848637739686,0,312.3513097482659,0.301,-0.0012748293479058054
0.345544904137238,0,312.3508074597611,0.301,-0.0012739188325597362
0.3461049445005074,0,312.3503059683801,0.301,-0.0012730078836649143
0.3466649848637768,0,312.34980349128585,0.301,-0.0012721057609969219
0.3472250252270462,0,312.3493006953337,0.301,-0.0012712017283320423
0.34778506559031563,0,312.3487978895378,0.301,-0.0012703035075069178
0.3483451059535851,0,312.3482941325168,0.301,-0.001269412583316218
0.34890514631685443,0,312.3477871410835,0.301,-0.0012685415508505498
0.3494651866801238,0,312.34727844110853,0.301,-0.0012676669812570894
0.3500252270433933,0,312.34677115024834,0.301,-0.0012667763412266746
0.3505852674066627,0,312.3462663055809,0.301,-0.0012658773375827657
0.35114530776993214,0,312.34576479894935,0.301,-0.001264971060054649
0.35170534813320153,0,312.34526657446025,0.301,-0.0012640618466633138
0.35226538849647093,0,312.344770140406,0.301,-0.0012631542126162842
0.35282542885974033,0,312.34427648932325,0.301,-0.0012622442054111382
0.35338546922300973,0,312.34378539442815,0.301,-0.0012613338650168718
0.3539455095862792,0,312.3432963268122,0.301,-0.0012604237615983123
0.3545055499495486,0,312.34281006938954,0.301,-0.0012595103874393316
0.35506559031281804,0,312.3423270680144,0.301,-0.001258594277034491
0.35562563067608743,0,312.3418454547793,0.301,-0.001257682025032562
0.35618567103935683,0,312.3413661399929,0.301,-0.0012567711912817125
0.3567457114026263,0,312.34088928606195,0.301,-0.0012558594462415854
0.3573057517658957,0,312.3404137393364,0.301,-0.0012549549715207137
0.35786579212916503,0,312.33993780295106,0.301,-0.0012540622331474825
0.3584258324924345,0,312.33946033998393,0.301,-0.001253182764868733
0.35898587285570394,0,312.33898279794494,0.301,-0.0012523015458804454
0.3595459132189734,0,312.3385052493952,0.301,-0.0012514250076668385
0.3601059535822428,0,312.33802734244534,0.301,-0.0012505519640968268
0.3606659939455122,0,312.33755204816447,0.301,-0.0012496737924407838
0.3612260343087816,0,312.33707716712297,0.301,-0.0012487900336613745
0.361786074672051,0,312.3366054478883,0.301,-0.0012479030461897006
0.3623461150353203,0,312.33613613246894,0.301,-0.0012470159766289632
0.3629061553985897,0,312.3356699764732,0.301,-0.001246123479072123
0.3634661957618591,0,312.33520636804076,0.301,-0.0012452318439898993
0.3640262361251287,0,312.33474619145466,0.301,-0.0012443327084549545
0.36458627648839803,0,312.3342871187567,0.301,-0.001243436156126483
0.36514631685166743,0,312.33382899080704,0.301,-0.0012425436619779636
0.36570635721493683,0,312.3333750822363,0.301,-0.0012416394442962202
0.3662663975782062,0,312.3329263011121,0.301,-0.001240730752881746
0.3668264379414756,0,312.3324795152124,0.301,-0.0012398361303331937
0.367386478304745,0,312.332032578268,0.301,-0.0012389577492242622
0.3679465186680144,0,312.3315843527091,0.301,-0.0012381047495545702
0.3685065590312839,0,312.33112921112985,0.301,-0.001237290327129364
0.36906659939455333,0,312.3306683279244,0.301,-0.0012364937619073228
0.3696266397578227,0,312.33020315646854,0.301,-0.0012356923265844648
0.3701866801210921,0,312.3297385983661,0.301,-0.0012348748153821643
0.3707467204843615,0,312.32927673250924,0.301,-0.0012340483740119366
0.3713067608476309,0,312.32881427242086,0.301,-0.001233222333040812
0.3718668012109003,0,312.3283508256592,0.301,-0.0012324048793929685
0.3724268415741698,0,312.3278866737443,0.301,-0.0012315871812435205
0.3729868819374391,0,312.32742684180624,0.301,-0.0012307599605659422
0.3735469223007085,0,312.32696347896524,0.301,-0.001229952660212246
0.37410696266397797,0,312.3264969060575,0.301,-0.0012291534019637973
0.3746670030272474,0,312.3260348626157,0.301,-0.0012283297525730633
0.3752270433905168,0,312.3255767021677,0.301,-0.0012274826468956417
0.3757870837537862,0,312.3251233467715,0.301,-0.0012266283445448636
0.3763471241170556,0,312.3246756784624,0.301,-0.0012257613297824042
0.376907164480325,0,312.3242314416118,0.301,-0.0012249118700954037
0.3774672048435945,0,312.3237821554866,0.301,-0.001224094977008091
0.3780272452068639,0,312.3233311463963,0.301,-0.0012232826289130063
0.37858728557013316,0,312.322878315431,0.301,-0.0012224865536374916
0.3791473259334027,0,312.3224225499562,0.301,-0.0012216974065514298
0.3797073662966721,0,312.32196881235797,0.301,-0.0012208889222042336
0.38026740665994146,0,312.3215153166238,0.301,-0.0012200913560298193
0.38194752774974966,0,312.3201691161454,0.301,-0.0012176311743108514
0.38138748738648043,0,312.32061535831633,0.301,-0.0012184469464036989
0.380827447023211,0,312.3210628545805,0.301,-0.00121927684029068
0.38250756811301917,0,312.3197239684633,0.301,-0.0012168153687252667
0.38306760847628857,0,312.31928163247477,0.301,-0.0012159954255377763
0.38362764883955797,0,312.318838985689,0.301,-0.0012151818532692945
0.38418768920282736,0,312.3183963501067,0.301,-0.0012143728086382855
0.38474772956609676,0,312.3179557132226,0.301,-0.001213557166711491
0.38530776992936616,0,312.31751676181034,0.301,-0.0012127460129420905
0.38586781029263556,0,312.31707633833497,0.301,-0.0012119505304732197
0.386427850655905,0,312.31663440058145,0.301,-0.001211159915012786
0.38698789101917436,0,312.31619640685204,0.301,-0.0012103388079917252
0.38754793138244387,0,312.315763110119,0.301,-0.001209522435529445
0.38810797174571326,0,312.3153245505659,0.301,-0.0012087542605702625
0.3886680121089828,0,312.3148815522714,0.301,-0.001207996385924658
0.3892280524722521,0,312.3144372780768,0.301,-0.00120723836673174
0.38978809283552146,0,312.31399342212706,0.301,-0.0012064688141145772
0.39034813319879086,0,312.31355000945575,0.301,-0.0012056968324177435
0.39090817356206026,0,312.31310653339193,0.301,-0.0012049276554142283
0.3914682139253297,0,312.3126625100344,0.301,-0.001204165843809977
0.3920282542885992,0,312.3122169332036,0.301,-0.0012034164790327385
0.39258829465186856,0,312.311768093151,0.301,-0.0012026836755306316
0.39314833501513785,0,312.31131588970027,0.301,-0.0012019610751842903
0.39370837537840736,0,312.31086084839245,0.301,-0.0012012433930636696
0.3942684157416768,0,312.3104033532849,0.301,-0.0012005272002117628
0.3948284561049463,0,312.30994437439955,0.301,-0.0011998079545028448
0.3953884964682158,0,312.30948471553364,0.301,-0.0011990882985524786
0.3959485368314849,0,312.3090227332955,0.301,-0.001198375926155125
0.3965085771947543,0,312.3085589341677,0.301,-0.001197668090967607
0.39706861755802386,0,312.3080938169634,0.301,-0.001196965214781624
0.39762865792129326,0,312.3076257284826,0.301,-0.001196265573501305
0.39818869828456277,0,312.3071583309298,0.301,-0.0011955487396440776
0.398748738647832,0,312.3066923783926,0.301,-0.0011948337114491806
0.3993087790111014,0,312.3062240857461,0.301,-0.0011941334131674547
0.3998688193743708,0,312.3057542619637,0.301,-0.0011934403674376825
0.4004288597376403,0,312.3052827907503,0.301,-0.0011927479666538794
0.4009889001009097,0,312.30481222027885,0.301,-0.0011920502628019233
0.4015489404641791,0,312.30434038982776,0.301,-0.0011913464401858691
0.4021089808274485,0,312.3038702873242,0.301,-0.0011906330301136565
0.40266902119071785,0,312.30340323444307,0.301,-0.0011899115581741474
0.4032290615539874,0,312.30293694358465,0.301,-0.0011891939691574338
0.40378910191725675,0,312.3024744557684,0.301,-0.001188471055207437
0.4043491422805263,0,312.30201178960345,0.301,-0.0011877522894891154
0.40490918264379555,0,312.3015496701459,0.301,-0.0011870307883982138
0.40546922300706495,0,312.30109149009996,0.301,-0.0011863082266810687
0.40602926337033435,0,312.3006292134668,0.301,-0.0011855910892674111
0.4065893037336038,0,312.3001671038278,0.301,-0.0011848748523979897
0.4071493440968733,0,312.29970548868937,0.301,-0.001184162867140958
0.4077093844601427,0,312.29924217469596,0.301,-0.0011834694575112421
0.4082694248234119,0,312.29877921088956,0.301,-0.0011827641202135127
0.40882946518668134,0,312.29831829578137,0.301,-0.0011820546226668047
0.40938950554995085,0,312.2978572998686,0.301,-0.001181348970226886
0.40994954591322036,0,312.2973983984185,0.301,-0.0011806386260842772
0.41050958627648976,0,312.296938690598,0.301,-0.0011799393457210825
0.4110696266397591,0,312.2964784311115,0.301,-0.001179246212399852
0.4116296670030285,0,312.2960185346379,0.301,-0.0011785458132753835
0.412189707366298,0,312.29556053001505,0.301,-0.0011778350021354068
0.4127497477295674,0,312.295103783041,0.301,-0.0011771240266316447
0.4133097880928368,0,312.29464651881347,0.301,-0.00117643000199612
0.4138698284561062,0,312.29418820618304,0.301,-0.0011757383558344975
0.4144298688193756,0,312.2937296975964,0.301,-0.0011750460879973279
0.4149899091826451,0,312.2932722238403,0.301,-0.0011743516970616258
0.4155499495459145,0,312.29281575811257,0.301,-0.001173656615661247
0.41610998990918374,0,312.2923591539237,0.301,-0.00117296622134906
0.4166700302724533,0,312.29190287869153,0.301,-0.001172279372430709
0.41723007063572276,0,312.29144652210556,0.301,-0.0011715941616010199
0.4177901109989922,0,312.29099088607893,0.301,-0.0011709080518884575
0.41835015136226167,0,312.29053762332734,0.301,-0.0011702221216660235
0.4189101917255311,0,312.29008129613425,0.301,-0.0011695503700907693
0.4194702320888004,0,312.2896231216029,0.301,-0.001168886539869047
0.42003027245207,0,312.28916641981743,0.301,-0.001168218099626534
0.42059031281533926,0,312.28870907086093,0.301,-0.0011675417324795688
0.4211503531786088,0,312.288253676535,0.301,-0.0011668542264078922
0.4217103935418783,0,312.2878015641319,0.301,-0.0011661619250009773
0.42227043390514746,0,312.2873531251003,0.301,-0.0011654535805897396
0.4250706357214947,0,312.2851235238373,0.301,-0.0011620135989009919
0.4245105953582253,0,312.28556924453295,0.301,-0.0011626987035863894
0.422830474268417,0,312.2869078859247,0.301,-0.0011647473717293943
0.4233905146316864,0,312.28646257992085,0.301,-0.0011640584498629023
0.423950554994956,0,312.28601606192876,0.301,-0.0011633780997445818
0.4256306760847642,0,312.28468060929634,0.301,-0.001161319622377527
0.42619071644803347,0,312.28424043413355,0.301,-0.0011606230699074043
0.42675075681130287,0,312.2838015911761,0.301,-0.0011599305148907854
0.42731079717457243,0,312.2833639703974,0.301,-0.0011592375808840004
0.42787083753784183,0,312.28292826853703,0.301,-0.001158543853952563
0.4284308779011112,0,312.2824934215547,0.301,-0.0011578573574975647
0.42899091826438074,0,312.2820584882326,0.301,-0.0011571783415761576
0.42955095862765,0,312.2816237817475,0.301,-0.0011564982713386418
0.43011099899091954,0,312.28119003912224,0.301,-0.0011558203996040774
0.4306710393541889,0,312.2807557834729,0.301,-0.001155148216928089
0.4312310797174583,0,312.28032284193284,0.301,-0.001154470803775994
0.43179112008072784,0,312.27989139908874,0.301,-0.001153793696638867
0.43235116044399713,0,312.27946177793746,0.301,-0.001153107456455652
0.43403128153380555,0,312.27818519516586,0.301,-0.0011510580501720986
0.433471241170536,0,312.278610331405,0.301,-0.0011517383923453158
0.43291120080726675,0,312.27903627464883,0.301,-0.001152412015961133
0.4345913218970749,0,312.27776168408286,0.301,-0.001150379766460372
0.4351513622603442,0,312.2773368406631,0.301,-0.0011497229817543765
0.4357114026236137,0,312.2769096531563,0.301,-0.0011490754998444732
0.43627144298688314,0,312.2764826391261,0.301,-0.0011484191695236717
0.4368314833501525,0,312.27605629029165,0.301,-0.001147762314304425
0.4373915237134219,0,312.27562941827506,0.301,-0.0011471110315896022
0.4379515640766914,0,312.2752033776352,0.301,-0.0011464539650126342
0.4385116044399608,0,312.27477905210907,0.301,-0.0011457982874645515
0.4390716448032303,0,312.27435350057596,0.301,-0.0011451563998170601
0.43963168516649964,0,312.27392642406585,0.301,-0.0011445198115890955
0.44019172552976893,0,312.27349890603983,0.301,-0.0011438862443417727
0.4407517658930385,0,312.2730703166019,0.301,-0.0011432513603622898
0.4413118062563079,0,312.2726433830197,0.301,-0.0011426057513513265
0.4418718466195773,0,312.2722183829462,0.301,-0.0011419621121031526
0.44243188698284674,0,312.27179168249086,0.301,-0.0011413280777269042
0.44299192734611614,0,312.27136388003066,0.301,-0.0011406963087796968
0.4435519677093855,0,312.2709356522661,0.301,-0.0011400652948228996
0.444112008072655,0,312.27050912676987,0.301,-0.0011394275375261889
0.44467204843592434,0,312.2700833347524,0.301,-0.001138790785314532
0.44523208879919385,0,312.2696574846641,0.301,-0.0011381540447174025
0.4457921291624632,0,312.2692326577873,0.301,-0.0011375144865780167
0.4463521695257327,0,312.26880846055565,0.301,-0.0011368766692400514
0.4469122098890021,0,312.268385128748,0.301,-0.0011362414409061621
0.4474722502522715,0,312.26796232401085,0.301,-0.00113560627703313
0.44803229061554095,0,312.26754053613865,0.301,-0.001134971657955446
0.44859233097881035,0,312.26711907302246,0.301,-0.0011343398307965367
0.44915237134207975,0,312.26669728328653,0.301,-0.0011337096451602723
0.44971241170534915,0,312.2662773313016,0.301,-0.0011330721480321973
0.45027245206861854,0,312.2658598894109,0.301,-0.0011324344229892251
0.450832492431888,0,312.265441071325,0.301,-0.0011318084500433739
0.45139253279515734,0,312.26502215976745,0.301,-0.001131180054713799
0.45195257315842685,0,312.2646064837873,0.301,-0.001130535261970012
0.45251261352169625,0,312.26419540086465,0.301,-0.0011298717036253441
0.45307265388496565,0,312.26378920391676,0.301,-0.0011292003831896962
0.45363269424823505,0,312.263387580305,0.301,-0.0011285269518168538
0.45419273461150456,0,312.26298874568084,0.301,-0.0011278568418908509
0.45475277497477395,0,312.2625911200894,0.301,-0.0011271984877494867
0.4553128153380433,0,312.2621935658668,0.301,-0.0011265627751971727
0.45587285570131275,0,312.26179130939795,0.301,-0.0011259374389349364
0.45643289606458226,0,312.2613879572354,0.301,-0.0011253133370635162
0.45699293642785155,0,312.2609852436957,0.301,-0.0011246856377009583
0.457552976791121,0,312.26058377335875,0.301,-0.0011240565828403222
0.45811301715439046,0,312.2601817852774,0.301,-0.0011234344325297071
0.4586730575176599,0,312.25977903506345,0.301,-0.0011228161957193789
0.45923309788092936,0,312.25937497867596,0.301,-0.0011222055308972685
0.45979313824419876,0,312.258969228779,0.301,-0.0011216060703017024
0.4603531786074681,0,312.25856252895875,0.301,-0.0011210098339871327
0.4609132189707376,0,312.25815648650234,0.301,-0.0011204062494044305
0.461473259334007,0,312.2577501662979,0.301,-0.0011198012548340722
0.4620332996972764,0,312.2573443651204,0.301,-0.0011192018615579025
0.46259334006054575,0,312.2569386949936,0.301,-0.0011185993354108981
0.46315338042381515,0,312.25653586877127,0.301,-0.0011179819020037999
0.46371342078708455,0,312.2561347804979,0.301,-0.0011173672443027351
0.4642734611503541,0,312.2557325543417,0.301,-0.001116767925146763
0.46483350151362346,0,312.25532876738197,0.301,-0.0011161776937992716
0.46539354187689286,0,312.2549242197983,0.301,-0.0011155864151035117
0.4659535822401624,0,312.25451887753036,0.301,-0.0011149953853275374
0.4665136226034318,0,312.2541129878122,0.301,-0.0011144091115831002
0.46707366296670116,0,312.2537074284616,0.301,-0.0011138173741767137
0.46763370332997056,0,312.25330474785255,0.301,-0.0011132076095853045
0.4681937436932401,0,312.252904689132,0.301,-0.001112598273567824
0.4687537840565095,0,312.25250421438705,0.301,-0.0011120001434416148
0.46931382441977887,0,312.2521039511321,0.301,-0.0011114015975385774
0.46987386478304827,0,312.25170467059934,0.301,-0.0011108023174585175
0.47043390514631783,0,312.25130646858094,0.301,-0.0011101992998926655
0.47099394550958706,0,312.2509099496061,0.301,-0.0011095932900979579
0.4715539858728565,0,312.250514683311,0.301,-0.0011089915181561535
0.47211402623612597,0,312.2501191543016,0.301,-0.0011083954990440165
0.47267406659939526,0,312.24972372926453,0.301,-0.0011078005988491922
0.47323410696266477,0,312.2493292284188,0.301,-0.0011072030864640592
0.47379414732593417,0,312.2489355122986,0.301,-0.0011066089808323373
0.4743541876892037,0,312.24854228512726,0.301,-0.0011060172516898087
0.474914228052473,0,312.248149114542,0.301,-0.001105429521175268
0.47547426841574236,0,312.2477548117005,0.301,-0.0011048496097906383
0.4760343087790118,0,312.2473608706169,0.301,-0.0011042651336757396
0.47659434914228127,0,312.2469671899545,0.301,-0.0011036839373783991
0.47715438950555067,0,312.246572295052,0.301,-0.0011031118980859786
0.47771442986882007,0,312.2461762078355,0.301,-0.0011025458524313106
0.4782744702320895,0,312.2457785514647,0.301,-0.001101985482895394
0.478834510595359,0,312.24537945436975,0.301,-0.001101426870919629
0.4793945509586283,0,312.24498037249936,0.301,-0.0011008650795186587
0.4799545913218978,0,312.2445816859682,0.301,-0.0011003013182055976
0.48051463168516717,0,312.24418266316434,0.301,-0.0010997417741670209
0.4810746720484367,0,312.24378366718815,0.301,-0.0010991819240437528
0.481634712411706,0,312.24338503741876,0.301,-0.0010986238000312517
0.4821947527749755,0,312.24298493697574,0.301,-0.0010980720706787145
0.4827547931382449,0,312.2425840194503,0.301,-0.001097521478179526
0.48331483350151433,0,312.2421830687777,0.301,-0.001096972725136362
0.4838748738647837,0,312.24178026998163,0.301,-0.0010964299754305257
0.4844349142280531,0,312.24137598351865,0.301,-0.001095889624895372
0.4849949545913226,0,312.2409722088834,0.301,-0.0010953403543777762
0.48555499495459203,0,312.2405695068547,0.301,-0.0010947924106311981
0.4861150353178614,0,312.24016505326665,0.301,-0.0010942536549440904
0.48667507568113083,0,312.2397593644748,0.301,-0.0010937161595154464
0.4872351160444003,0,312.23935453935206,0.301,-0.0010931728062346642
0.4877951564076697,0,312.238949839864,0.301,-0.0010926278917286708
0.4883551967709391,0,312.2385459501988,0.301,-0.0010920786653036325
0.4889152371342085,0,312.2381432429349,0.301,-0.0010915290128818225
0.4894752774974779,0,312.23773988809944,0.301,-0.001090987786866786
0.49003531786074733,0,312.23733533067934,0.301,-0.001090454015441584
0.4905953582240168,0,312.236930210036,0.301,-0.0010899189483857118
0.4911553985872862,0,312.23652652965393,0.301,-0.0010893726503002853
0.4917154389505557,0,312.23612464660187,0.301,-0.0010888250269324856
0.49227547931382504,0,312.23572465843057,0.301,-0.0010882669484602104
0.4928355196770944,0,312.2353300887341,0.301,-0.0010876912060012514
0.4933955600403639,0,312.2349361100047,0.301,-0.0010871286290383545
0.4939556004036333,0,312.23454224453087,0.301,-0.0010865710767149987
0.4945156407669027,0,312.23414964332017,0.301,-0.0010860150885416467
0.49507568113017203,0,312.2337577505661,0.301,-0.0010854632780895306
0.49563572149344143,0,312.23336558636095,0.301,-0.0010849187990302539
0.496195761856711,0,312.2329722417215,0.301,-0.0010843811619756264
0.4967558022199804,0,312.2325785186222,0.301,-0.001083840358220872
0.49731584258324973,0,312.2321847922177,0.301,-0.0010833007622921748
0.49787588294651924,0,312.2317894960794,0.301,-0.0010827659307745428
0.4984359233097886,0,312.2313943503885,0.301,-0.0010822282746721812
0.4989959636730581,0,312.231000660524,0.301,-0.001081685422148579
0.49955600403632744,0,312.2306085941325,0.301,-0.001081139319405688
0.5001160443995969,0,312.23021700686564,0.301,-0.001080598721275959
0.5006760847628663,0,312.2298246237764,0.301,-0.0010800685654093233
0.5012361251261357,0,312.2294315152075,0.301,-0.0010795454969709669
0.5017961654894051,0,312.22903641879,0.301,-0.0010790318696969371
0.5023562058526745,0,312.2286397551092,0.301,-0.0010785194909440955
0.502916246215944,0,312.2282419300227,0.301,-0.0010780148271157446
0.5034762865792134,0,312.2278433822265,0.301,-0.0010775084582327857
0.5040363269424828,0,312.2274451172721,0.301,-0.0010770037700968335
0.5045963673057522,0,312.22704867161013,0.301,-0.0010764784925627884
0.5051564076690215,0,312.22665498048895,0.301,-0.0010759532451750887
0.505716448032291,0,312.22626000796134,0.301,-0.0010754451052184103
0.5062764883955605,0,312.22586174001464,0.301,-0.0010749402185575943
0.5068365287588299,0,312.2254630775642,0.301,-0.0010744257660104425
0.5073965691220994,0,312.2250688302975,0.301,-0.001073906754912585
0.5079566094853688,0,312.2246711272138,0.301,-0.0010733922218949849
0.5085166498486381,0,312.2242743356256,0.301,-0.0010728734976250768
0.5090766902119076,0,312.22388138470205,0.301,-0.0010723493128978721
0.5096367305751769,0,312.2234889943484,0.301,-0.0010718319634293982
0.5101967709384464,0,312.22309868164683,0.301,-0.0010713046767117443
0.5107568113017158,0,312.2227100491715,0.301,-0.0010707678035915783
0.5113168516649852,0,312.22232347453297,0.301,-0.001070228816976786
0.5118768920282547,0,312.22193957902385,0.301,-0.0010696871881148624
0.5124369323915241,0,312.2215582357153,0.301,-0.0010691410986359501
0.5129969727547936,0,312.2211803766166,0.301,-0.001068589052695548
0.5135570131180629,0,312.22080396406153,0.301,-0.0010680346086782814
0.5141170534813323,0,312.2204330780448,0.301,-0.0010674793414805915
0.5146770938446019,0,312.2200614037915,0.301,-0.001066932901107187
0.5152371342078712,0,312.2196876411765,0.301,-0.0010664098563667578
0.5157971745711406,0,312.2193127412372,0.301,-0.001065884355160692
0.5163572149344101,0,312.21893772258477,0.301,-0.0010653637679827192
0.5169172552976795,0,312.2185592769415,0.301,-0.0010648674916730533
0.517477295660949,0,312.2181749866633,0.301,-0.0010643909960265864
0.5180373360242183,0,312.21778793823563,0.301,-0.0010639186845178353
0.5185973763874878,0,312.2173995169791,0.301,-0.0010634416077459781
0.5191574167507572,0,312.2170107372635,0.301,-0.0010629588075405625
0.5197174571140265,0,312.21662417201765,0.301,-0.0010624725276062747
0.5202774974772959,0,312.2162362996176,0.301,-0.001061990472190716
0.5208375378405655,0,312.21584646254814,0.301,-0.0010615136134987319
0.5213975782038348,0,312.21545558187864,0.301,-0.001061038549918738
0.5219576185671042,0,312.2150651912151,0.301,-0.0010605610261750214
0.5225176589303735,0,312.2146727035037,0.301,-0.0010600898573675406
0.523077699293643,0,312.21427779719704,0.301,-0.0010596234395381947
0.5236377396569124,0,312.2138833596608,0.301,-0.001059156178770294
0.5241977800201818,0,312.2134876044345,0.301,-0.0010586879845008925
0.5247578203834513,0,312.21309120956886,0.301,-0.001058219803127098
0.526997981836529,0,312.2115039733138,0.301,-0.0010563450256044118
0.5264379414732596,0,312.2119024494208,0.301,-0.001056808699177101
0.5253178607467207,0,312.21269481975514,0.301,-0.0010577480619896947
0.52587790110999,0,312.21229980817793,0.301,-0.0010572752822837666
0.5275580221997984,0,312.2111063796782,0.301,-0.0010558765823927838
0.5281180625630678,0,312.21070946436305,0.301,-0.0010554056684625984
0.5286781029263372,0,312.2103132449419,0.301,-0.001054935070844477
0.5292381432896067,0,312.2099152346537,0.301,-0.0010544713509253955
0.529798183652876,0,312.20951515932956,0.301,-0.0010540121613860354
0.5303582240161455,0,312.20911466201164,0.301,-0.0010535570464670666
0.530918264379415,0,312.2087127071561,0.301,-0.001053102382352464
0.5314783047426843,0,312.20831013390597,0.301,-0.001052643044409113
0.5320383451059538,0,312.20790795837473,0.301,-0.0010521801948541474
0.5325983854692233,0,312.207506592559,0.301,-0.001051720672023256
0.5331584258324927,0,312.20710392274356,0.301,-0.0010512649430239583
0.533718466195762,0,312.20669989428586,0.301,-0.0010508058444392806
0.5342785065590315,0,312.2062976600457,0.301,-0.0010503375028505968
0.5348385469223009,0,312.2058979997429,0.301,-0.0010498562690501607
0.5353985872855702,0,312.2055016857317,0.301,-0.0010493728267929048
0.5359586276488396,0,312.20510689734033,0.301,-0.001048890529080997
0.5365186680121092,0,312.2047139446511,0.301,-0.001048406383560842
0.5370787083753785,0,312.20432144754744,0.301,-0.0010479272527173335
0.537638748738648,0,312.20392933641523,0.301,-0.0010474592486049267
0.5381987891019174,0,312.2035336290761,0.301,-0.0010470034826379952
0.5387588294651869,0,312.20313521571063,0.301,-0.0010465558589109172
0.5393188698284562,0,312.2027359724331,0.301,-0.0010461057769016863
0.5398789101917257,0,312.20233726472003,0.301,-0.0010456517370883195
0.5404389505549951,0,312.20193900002397,0.301,-0.0010451974691161388
0.5409989909182646,0,312.20154128024654,0.301,-0.0010447386271537637
0.5415590312815339,0,312.2011446662448,0.301,-0.0010442770636008372
0.5421190716448034,0,312.2007496052,0.301,-0.001043815897324549
0.5426791120080728,0,312.2003541435744,0.301,-0.0010433612024583598
0.5432391523713421,0,312.19995656078123,0.301,-0.0010429071904354305
0.5437991927346116,0,312.1995608277005,0.301,-0.0010424497172124025
0.5443592330978809,0,312.19916545731326,0.301,-0.0010419856442436123
0.5449192734611505,0,312.1987734330122,0.301,-0.001041506548462398
0.5454793138244197,0,312.1983849320865,0.301,-0.0010410273908286294
0.5460393541876895,0,312.1979948477545,0.301,-0.0010405689489421108
0.5465993945509587,0,312.19760150598285,0.301,-0.0010401241659220896
0.5471594349142282,0,312.1972050404455,0.301,-0.0010396893058737472
0.5477194752774974,0,312.19680487552176,0.301,-0.0010392677968917702
0.5482795156407669,0,312.19640140223436,0.301,-0.0010388536935910257
0.5488395560040364,0,312.195995565652,0.301,-0.0010384386266753742
0.5493995963673058,0,312.19558873504815,0.301,-0.0010380173492732462
0.5499596367305752,0,312.19518233358997,0.301,-0.0010375888136037155
0.5505196770938448,0,312.1947756445966,0.301,-0.0010371635968242146
0.551079717457114,0,312.19436842272904,0.301,-0.0010367364517545395
0.5516397578203837,0,312.1939617162829,0.301,-0.001036303815744686
0.5521997981836532,0,312.19355578864895,0.301,-0.0010358490740174915
0.5527598385469225,0,312.1931673874352,0.301,-0.0010353077030386515
0.5533198789101917,0,312.1927844648048,0.301,-0.0010345501755443492
0.5538799192734611,0,312.19267460320054,0.301,-0.0010325844946350565
0.5544399596367307,0,312.1929769771976,0.301,-0.0010259934622735658
0.555,0,312.189107877243,0.301,-5.295423800493013E-4
0,0.02,321.20556,0,2.207536648502461E-19
0.0026424380600708727,0.019999999999999997,321.20305800104217,1.255615687175081E-4,4.728224204674783E-20
0.0054572925146562845,0.02,321.20278620761195,1.4138620827452807E-4,3.003530734784695E-20
0.008455206702789679,0.020000000000000004,321.2029742804482,1.4377810802679856E-4,-3.8601414405217754E-20
0.011304138084892945,0.02,321.20505416698614,2.4910970526318325E-5,4.0171792377425565E-20
0.013867538314694965,0.02,321.2046240108,4.696610009716058E-5,-3.103647877685155E-21
0.016427076777659096,0.02,321.201519351151,2.18627419881109E-4,-3.203149177083066E-20
0.018986615240623214,0.02,321.20288833231587,1.3846208696004434E-4,1.8495733886276306E-20
0.02154615370358734,0.02,321.20566734378,4.888759674335291E-6,4.887267695806205E-20
0.024105692166551472,0.019999999999999997,321.20589499750776,2.3065195333777436E-5,-1.418316186866613E-20
0.0266652306295156,0.02,321.20470246603367,7.342124127800273E-5,-1.6230258598821142E-20
0.029224769092479737,0.02,321.20426135692173,9.039252467601528E-5,-1.357892424964901E-20
0.03178430755544386,0.02,321.20528666097204,5.5678271752001694E-6,-2.1372722592623174E-20
0.034343846018408,0.02,321.203993686366,3.505314438586418E-5,-1.1011916903936622E-20
0.036903384481372134,0.02,321.2027061788476,1.1329190267991992E-4,2.1308793356456443E-20
0.039462922944336246,0.02,321.20339363523794,1.0493818320879207E-4,-2.862998075822955E-20
0.04202246140730038,0.02,321.20409500436756,6.72524883413664E-5,1.956749103193995E-20
0.044581999870264497,0.02,321.2041377516603,3.0384007915572615E-5,-8.217748636997878E-21
0.04714153833322863,0.02,321.20566678898695,-5.2570491426932784E-5,6.310697738717806E-20
0.049701076796192754,0.019999999999999997,321.2032035509322,8.494231036273273E-5,-8.843028255257522E-20
0.052260615259156894,0.02,321.20046141898075,2.381744175835814E-4,4.6233493930554946E-20
0.05482015372212102,0.02,321.20065223906533,2.293779253169941E-4,3.7276649140519386E-21
0.05737969218508514,0.02,321.20186391068444,2.4422741504900815E-4,-5.390763148852949E-21
0.059939230648049284,0.02,321.2008302900926,3.813780072343948E-4,-8.583550729917224E-20
0.0624987691110134,0.019999999999999997,321.2011748067326,2.557395790954911E-4,-1.736170764782771E-20
0.06505830757397754,0.02,321.2008077560257,1.462667145004872E-4,2.176311317685075E-20
0.06761784603694165,0.02,321.20262354455997,7.80496857852213E-5,-3.411093443749879E-21
0.07017738449990579,0.02,321.20119587599356,1.8540019271372912E-4,1.1157176915284052E-20
0.0727369229628699,0.02,321.1981772208001,3.467583878542881E-4,-2.7995010839892634E-20
0.07529646142583404,0.019999999999999997,321.20106680481587,2.1433200492792262E-4,1.6952669016587265E-19
0.07785599988879818,0.02,321.20583545803424,-7.699481098106184E-6,-1.259404177322684E-19
0.08041553835176231,0.02,321.204809049706,6.656389645167608E-5,2.511346186379127E-20
0.08297507681472643,0.02,321.199316930251,3.6487254650427215E-4,-8.293834727111314E-21
0.08553461527769057,0.02,321.194813793332,5.946352872842623E-4,-2.0686100168372103E-19
0.08809415374065468,0.019999999999999997,321.19718393581536,3.8766838650549474E-4,4.562289326254099E-20
0.09065369220361881,0.02,321.19997813113343,2.1679883659363904E-4,1.3625516073250205E-19
0.09321323066658294,0.020000000000000004,321.20553871804566,-4.725976160023514E-5,-6.673457477151983E-20
0.09577276912954709,0.02,321.2055916738482,-3.662151121428293E-7,1.2107395561134831E-20
0.09833230759251117,0.02,321.2039181442908,2.3068798127702732E-5,7.780407136436639E-20
0.10089184605547533,0.019999999999999997,321.1979935816172,2.2192015573477728E-4,-4.3303694382237806E-20
0.10345138451843948,0.02,321.20261600674576,8.566297765720321E-5,-8.336758573578664E-20
0.10601092298140362,0.02,321.20499341327894,-1.3728302769363337E-5,-3.7032096430596125E-20
0.10857046144436772,0.02,321.2016997901704,1.0776901162763457E-4,9.202671610955962E-21
0.11112999990733183,0.02,321.203867394666,6.815149222522092E-5,3.5830645758542685E-21
0.11368953837029595,0.02,321.2043847007338,1.739777201986143E-5,-4.7186910078180607E-20
0.11624907683326008,0.020000000000000004,321.2027839393338,1.9625708414917516E-5,-1.3130240148645536E-20
0.11880861529622423,0.02,321.20364751006394,3.8573968357784345E-5,1.540952626537497E-20
0.12136815375918836,0.02,321.2042403427294,5.7328930258284227E-5,7.987190597700532E-21
0.12392769222215251,0.02,321.2026474330401,4.8766282022337375E-5,2.4697812061019912E-20
0.12648723068511664,0.02,321.20229522992673,5.6625046519824194E-5,-1.3785045807589485E-20
0.12904676914808072,0.020000000000000004,321.2019369940663,1.632177672108034E-4,5.667702488847027E-20
0.13160630761104486,0.02,321.2017078714573,2.179428567331902E-4,-5.760803200733443E-20
0.134165846074009,0.02,321.201154494775,1.641077096581883E-4,-4.244404199317327E-20
0.13672538453697314,0.02,321.20212124299445,1.676217849586558E-4,2.1549763753868952E-20
0.13928492299993728,0.02,321.20137777578657,2.986288755381955E-4,-5.16821280153359E-20
0.1418444614629014,0.02,321.1977845618711,3.387965995636453E-4,2.207730250606901E-20
0.1444039999258655,0.02,321.19490307714153,3.775045011619938E-4,-3.326517813542747E-20
0.14696353838882967,0.02,321.2018984850564,1.1883004038275341E-4,-5.114104193069198E-20
0.14952307685179375,0.02,321.20338681357356,1.0679941349525242E-5,-4.5504595653324235E-20
0.15208261531475792,0.02,321.2028363002846,3.226165202045276E-5,-3.179443359925261E-20
0.15464215377772203,0.02,321.2058926961882,-5.3775787914531545E-5,-3.1482636341183097E-21
0.15720169224068611,0.02,321.2039739785545,-1.920079843506517E-5,5.894311578695335E-20
0.15976123070365034,0.019999999999999997,321.2031447318198,-4.911502619531298E-5,7.424773572277068E-20
0.1623207691666144,0.02,321.2056455848316,-8.901299706890611E-5,-7.352486256928603E-20
0.16488030762957853,0.02,321.19986073579196,1.9753757723988893E-4,-7.521285066154405E-20
0.16743984609254264,0.020000000000000004,321.19275818626505,4.555296529159733E-4,-1.0931641660254382E-19
0.16999938455550678,0.02,321.1984028463305,2.5384710513131134E-4,-7.430217869319806E-20
0.17255892301847095,0.02,321.2023075007217,1.1416157770649173E-4,4.32911774745795E-21
0.17511846148143503,0.02,321.1984962559565,2.679513402253417E-4,-3.4189455677975225E-21
0.17767799994439915,0.02,321.19711560817245,2.987791848664878E-4,-1.2937593390826581E-20
0.18023753840736334,0.02,321.1982391298838,2.7579488301047626E-4,1.3542209213002623E-20
0.18279707687032742,0.02,321.2029642597723,1.0314351617208603E-4,-4.156919829070676E-20
0.1853566153332916,0.02,321.2060990120962,-4.895852658148177E-5,3.6629394059258877E-22
0.18791615379625567,0.02,321.2053151481904,-6.183619240334797E-5,-7.847373862159207E-21
0.1904756922592198,0.02,321.2014009838928,8.859392629523211E-5,-6.9901209421704E-21
0.1930352307221839,0.02,321.19708342805893,2.699122037886043E-4,-2.975169697096402E-20
0.195594769185148,0.019999999999999997,321.20327400896974,2.8239359663512946E-5,1.0052283252689891E-19
0.19815430764811223,0.02,321.2062936350673,-8.333869987548489E-5,-5.0297346905042287E-20
0.2007138461110763,0.02,321.20512359901653,-2.6595161241341343E-5,-1.104091977707486E-20
0.20327338457404043,0.02,321.2041038796935,2.571013478866227E-5,1.6454653968818992E-20
0.20583292303700454,0.02,321.20313237350183,1.9798691860867146E-5,2.504922625420986E-21
0.20839246149996873,0.02,321.20398576823993,-3.989136605211038E-6,-5.345184296082867E-20
0.21095199996293285,0.020000000000000004,321.2047589207714,4.493269816689017E-5,2.738578362322622E-20
0.21351153842589696,0.02,321.2028184673176,5.7225109498487E-5,1.5301611963009965E-20
0.21607107688886112,0.02,321.20117501316963,-2.8857657725942817E-5,1.3932742088264623E-20
0.21863061535182526,0.02,321.200715216955,6.027975770931271E-5,5.417495710978009E-20
0.2211901538147893,0.019999999999999997,321.19809715002236,2.0594548000779718E-4,-1.1643052381452081E-20
0.2237496922777535,0.020000000000000004,321.19386497153755,3.2827344002831925E-4,1.421354951762392E-19
0.22630923074071757,0.02,321.19405680866385,4.7172520325120676E-4,-2.257680400826351E-19
0.22886876920368165,0.02,321.19817223954414,4.110639456476956E-4,2.1529209429874463E-20
0.23142830766664577,0.02,321.20295084586655,8.478207461644559E-5,2.607725576088011E-20
0.23398784612960996,0.02,321.2009314849232,1.6307996808673803E-5,-1.443871992924284E-20
0.23654738459257416,0.02,321.2058047347521,-1.0414662570695233E-4,-8.241887473827669E-20
0.23910692305553813,0.020000000000000004,321.20301532626604,7.155507501151992E-5,4.623730942883411E-22
0.24166646151850238,0.020000000000000004,321.20076514055523,1.279029176754127E-4,-2.3291411262448548E-20
0.24422599998146638,0.02,321.20247646524973,4.4886755375305603E-5,8.352380371932395E-20
0.24678553844443057,0.019999999999999997,321.19961628831743,1.3978287873321987E-4,-5.688664326467386E-20
0.2493450769073947,0.02,321.19487498805256,2.6151120552087476E-4,7.661176012403323E-20
0.25190461537035885,0.02,321.1950903188285,2.9294861163689615E-4,-8.426913706524728E-20
0.254464153833323,0.02,321.1963784322481,3.7730120708878506E-4,-4.942846661823665E-21
0.25702369229628713,0.02,321.2001101267476,2.654727061217026E-4,3.9857696259380355E-20
0.25958323075925116,0.02,321.1999721883651,1.453457277371754E-4,1.3387992519465739E-21
0.26214276922221547,0.02,321.19760835309364,1.4929373874866152E-4,1.5388480617640556E-20
0.26470230768517955,0.02,321.1976481986045,1.2833102027196494E-4,-6.336481296209955E-20
0.26726184614814363,0.02,321.1983487508027,9.279075743723378E-5,-2.877797533850786E-20
0.26982138461110766,0.02,321.20273663337537,-2.6850065096375463E-5,4.660736179324031E-21
0.2723809230740719,0.02,321.20174215729566,9.699119342482645E-6,5.093949620637364E-21
0.27494046153703594,0.02,321.19984807406377,1.7763717080978136E-5,-1.508267489076148E-20
0.2775000000000001,0.02,321.2017790333141,3.895630140853783E-5,-2.2928135274108694E-20
0.28005953846296416,0.02,321.2011353652173,1.6421634244534743E-4,1.7810965546017714E-20
0.2826190769259282,0.02,321.20174108070586,2.1416021998111825E-4,-1.9196254451299777E-20
0.2851786153888925,0.02,321.1961692127494,2.5606354507566473E-4,-5.947119787003279E-20
0.2877381538518565,0.02,321.19098357356836,2.4928758094025884E-4,1.0436242706930952E-20
0.2902976923148208,0.02,321.19930547210527,1.045860829181036E-4,-1.0964665014266145E-20
0.2928572307777848,0.02,321.19824280832853,1.519549904419304E-4,5.557899377607263E-21
0.29541676924074894,0.02,321.19284481387564,2.870015773197561E-4,-7.281740619113198E-20
0.29797630770371303,0.02,321.19584408234266,3.1622603219760343E-4,-5.744941284844296E-21
0.30053584616667717,0.02,321.20232028468064,2.0810968630989235E-4,4.073126581449285E-21
0.3030953846296413,0.02,321.20904110222114,-3.423817346102345E-5,-1.1769726940452731E-20
0.30565492309260545,0.02,321.20692741041677,-2.1758514935543526E-5,4.7628893110048104E-21
0.30821446155556953,0.02,321.20828193535937,-8.717409810900107E-5,-3.1241697661148154E-21
0.31077400001853367,0.02,321.20535926138336,-5.3384952631826175E-5,-2.9703225003076366E-21
0.31333353848149775,0.02,321.2063204435339,-1.2947530070288118E-4,2.4945347517496764E-21
0.3158930769444619,0.02,321.2072200141125,-1.2577915097509144E-4,1.7682011878202373E-20
0.3184526154074261,0.02,321.2004800317244,1.0653826639809145E-4,-2.724707407562453E-20
0.32101215387039017,0.02,321.1914127750367,3.02310373929302E-4,-4.1731156107905423E-20
0.3235716923333542,0.02,321.1935312522413,2.618379605372554E-4,4.815007113343487E-20
0.32613123079631834,0.02,321.20067928406814,1.4521033770703343E-4,9.564828320083676E-21
0.3286907692592824,0.02,321.202143023718,1.2270274230225762E-4,-2.8008132353131654E-20
0.3312503077222466,0.02,321.1999275729045,1.2984338969322385E-4,-5.821517170101213E-21
0.3338098461852107,0.02,321.2006025540034,1.4961535475792228E-4,-4.6627724771150965E-20
0.33636938464817473,0.02,321.2071793910463,-5.056277118116263E-6,-8.112496168759277E-21
0.338928923111139,0.02,321.20435610261046,-1.5290691380215873E-5,-2.9636767746576072E-21
0.3414884615741031,0.02,321.2032110799395,-6.247302894755186E-5,4.603899697656529E-21
0.34404800003706726,0.02,321.2046517182057,-5.044871217663942E-5,1.1068950963230341E-20
0.3466075385000313,0.02,321.1983547907727,7.33098906434118E-5,-7.670275788714615E-21
0.34916707696299537,0.02,321.1929116416622,7.51620529127419E-5,1.1390403280195608E-20
0.35172661542595957,0.02,321.1978604699433,5.339780899820261E-5,6.938238362320043E-21
0.3542861538889237,0.02,321.2023291871451,1.7555663503241136E-4,3.591381472905005E-21
0.35684569235188773,0.02,321.1998863496313,2.573335765821872E-4,-5.423041457293781E-20
0.35940523081485204,0.02,321.1959277363188,2.5837800534368326E-4,-7.29550331401492E-20
0.361964769277816,0.02,321.1932836124019,2.548065563151621E-4,-2.1192272498077973E-20
0.36452430774078015,0.02,321.2019170117152,6.643001557607149E-5,-1.3382203786925612E-21
0.3670838462037444,0.02,321.2063531587006,-5.3835165516160526E-5,-2.5861736975409288E-21
0.36964338466670854,0.02,321.2059136896949,-5.510834368180711E-5,-1.693961504792311E-21
0.3722029231296727,0.02,321.20671434793064,-7.028330655292958E-5,-1.3974976892773287E-21
0.3747624615926367,0.02,321.2035019371535,-1.2837005742098313E-5,3.1908575890575854E-21
0.37732200005560074,0.02,321.20118778938854,3.048001440949657E-5,7.231209254033085E-21
0.37988153851856504,0.02,321.2028120210999,4.348754312704825E-5,-6.715693623840739E-21
0.38244107698152907,0.02,321.2037666880382,1.358419382522912E-5,-6.410312108407832E-21
0.3850006154444932,0.02,321.20467917964936,-4.762215563126552E-5,-3.719216685734715E-22
0.3875601539074573,0.02,321.2059203771534,-4.9200909415450304E-5,-1.0067559659048811E-21
0.39011969237042143,0.02,321.20119051185964,5.1242258485200924E-5,6.981702864273433E-21
0.39267923083338563,0.02,321.1972548597947,1.0315911100729195E-4,-2.878869063176643E-20
0.3952387692963498,0.02,321.1985633085797,1.2888607313319835E-4,-4.719298127169385E-21
0.39779830775931396,0.02,321.2003692333836,1.4622335232899377E-4,3.5534552443755106E-20
0.40035784622227805,0.02,321.1993807681545,1.515628707032908E-4,-4.686323296710174E-20
0.4029173846852421,0.02,321.19917137441064,1.4340974309826597E-4,-3.235978814721804E-20
0.4054769231482063,0.02,321.1991717846485,1.1457872705741383E-4,-1.1750016623912419E-20
0.40803646161117035,0.02,321.2054321810452,-5.0865509716104755E-5,-1.9423884560847047E-22
0.4105960000741346,0.02,321.206668299891,-4.922905214338256E-5,-2.046944671886335E-23
0.4131555385370986,0.02,321.20474968810385,2.8371713843290626E-6,-3.2451028400847176E-21
0.4157150770000627,0.02,321.2036767033021,3.5012936225344513E-6,1.7842492371653996E-20
0.41827461546302697,0.02,321.2036201800629,2.884713602708719E-5,1.4773080908449716E-20
0.4208341539259911,0.02,321.20340408635,8.531948547975423E-5,-3.4415142277999193E-20
0.4233936923889553,0.02,321.2031604176316,8.534740925984965E-5,2.202464581500583E-20
0.42595323085191933,0.02,321.2051405607588,-1.955219707041743E-5,-8.530309961833043E-21
0.42851276931488347,0.02,321.208693273128,-1.1961123392230665E-4,-4.681616567696883E-21
0.4310723077778475,0.02,321.20649333419163,-4.107315823869912E-5,-9.206642545166666E-21
0.4336318462408117,0.02,321.1995185955336,1.0348995481701713E-4,-1.452133002659073E-20
0.4361913847037757,0.02,321.1950540158703,1.5328255162949444E-4,5.640529840375492E-20
0.43875092316673986,0.020000000000000004,321.1969228747952,1.3870620538652273E-4,-8.058526719348137E-20
0.44131046162970405,0.019999999999999997,321.2010970257695,7.446820664067008E-5,1.9867372701381003E-20
0.44387000009266825,0.02,321.19891305997277,1.5815663574556823E-4,4.131707386146696E-20
0.44642953855563233,0.02,321.1941087633147,3.017372779626688E-4,-8.035293589778168E-20
0.44898907701859647,0.02,321.1948518732128,2.5569016042567355E-4,-2.4878027601186995E-20
0.4515486154815606,0.02,321.2021606777207,1.074070659468686E-4,3.8474442574123937E-20
0.45410815394452475,0.02,321.20172020085994,1.13525293717389E-4,-1.2806497302985907E-21
0.45666769240748867,0.02,321.20640462902026,-3.4250255369482544E-5,8.311953060973972E-21
0.45922723087045303,0.019999999999999997,321.2056599234933,-3.520243456515517E-5,-5.1438367334588183E-20
0.46178676933341717,0.02,321.20397370687107,3.059243220326755E-5,-2.2127799745344032E-20
0.46434630779638114,0.02,321.20416648607414,3.608329778921368E-5,-8.226274558939282E-22
0.4669058462593453,0.02,321.20372538894105,-2.3035079028499313E-5,1.6796249481031217E-21
0.46946538472230953,0.02,321.2030589079064,-6.242339444644173E-5,6.871424737189087E-20
0.47202492318527367,0.019999999999999997,321.20201623183885,3.0599347844707244E-5,-3.0274078787696134E-20
0.47458446164823764,0.02,321.2017334034868,5.945988429603026E-5,-2.432760871796488E-20
0.4771440001112019,0.02,321.20290610748344,-2.9758965023698188E-5,-1.0908927932257031E-21
0.47970353857416603,0.02,321.20224223648086,2.19431286634446E-5,7.168752515413665E-21
0.4822630770371301,0.02,321.1994235097849,1.2423691652597207E-4,-2.117620317782171E-20
0.4848226155000943,0.019999999999999997,321.19663856922614,2.1437341224408968E-4,-5.699945512094211E-20
0.4873821539630583,0.02,321.19398951394743,2.9844956151488006E-4,4.798644172525637E-20
0.4899416924260224,0.02,321.19450252637387,2.7152536458700794E-4,1.9727849209702552E-20
0.4925012308889867,0.02,321.1970938792034,1.8945549291133175E-4,1.8448911774153306E-20
0.49506076935195076,0.02,321.19372355407023,1.816787055245783E-4,-8.314009064128234E-20
0.49762030781491495,0.019999999999999997,321.20000911714925,4.370739685934269E-5,5.328497799916368E-20
0.500179846277879,0.02,321.2018232288962,4.464749221162568E-5,1.3605164409516782E-20
0.502739384740843,0.02,321.19594905144396,1.7844634971446078E-4,3.0966698475944846E-20
0.5052989232038073,0.02,321.19356901863085,2.873966557373802E-4,2.1388376371664074E-20
0.5078584616667715,0.02,321.19616892719847,2.608077044736968E-4,-1.3532262246753258E-19
0.5104180001297356,0.019999999999999997,321.2012468015125,1.1187270660040388E-4,5.346783636765937E-20
0.5129775385926997,0.02,321.20325181356463,3.212174284506124E-5,-9.2880995283615E-21
0.5155370770556638,0.02,321.2068627910179,-4.624271440519327E-5,-9.503638530986397E-21
0.518096615518628,0.02,321.20071878483196,9.846390413719088E-5,5.061381068319049E-21
0.5206561539815919,0.02,321.19282105097363,2.609430809300378E-4,-1.1717555260363507E-20
0.5232156924445561,0.02,321.19423139968836,1.9433641479790114E-4,-6.883120810387638E-20
0.5257752309075203,0.02,321.1978154379863,1.073202236458479E-4,-1.984590289956577E-20
0.5283347693704843,0.02,321.2002945776229,8.885690674648106E-5,4.480538027567088E-21
0.5308943078334485,0.02,321.19935583897654,1.3040299687083965E-4,-1.2517578556800182E-20
0.5334538462964127,0.02,321.20571573515105,4.938122488790739E-5,-1.8425437879092266E-20
0.5360133847593767,0.02,321.2042251543703,6.931680920377705E-5,-1.062703907667798E-20
0.538572923222341,0.02,321.208551772338,-3.6758691907514054E-5,-1.7636243630489772E-20
0.5411324616853049,0.02,321.2082095693493,-4.501882798359821E-5,1.8533817656303927E-21
0.5436958619151072,0.02,321.2072126430822,-1.8336640617871276E-5,-2.8453206419816227E-21
0.5523575619399292,0.02,321.2052438952054,4.501529209444994E-5,5.033253450776607E-21
0.555,0.02,321.20600204924637,-5.36305542670634E-6,3.3448207253249238E-21
0.5465447932972104,0.02,321.20633730619664,-9.630813576017002E-6,1.706753707439407E-21
0.5495427074853437,0.02,321.20585165531446,1.1113520066928064E-5,-4.471373381005468E-21
0.555,0.017533242040450217,321.2063773984016,9.638020385311983E-5,1.3997967871250649E-21
0.555,0.015304175314142028,321.2018570239972,8.200243272967431E-4,1.5044251650011689E-19
0.555,0.013289896406291853,321.18925319634275,0.003164466034885078,1.315536657343503E-19
0.555,0.011469708880393708,321.1367841313867,0.009308898005341744,-3.1968264037203232E-19
0.555,0.009824910419402649,321.0051384161527,0.02139984225685926,5.154416619214228E-19
0.555,0.00833860109030167,320.7454291282365,0.04050210640906004,-5.0001208080443E-18
0.555,0.00699550905003151,320.2722338959412,0.06625058011736926,-5.245317018421797E-18
0.555,0.005781834351658131,319.6141590604276,0.0965760724675529,4.064332643628638E-18
0.555,0.004523081282624615,318.6050738863333,0.13466694030237378,-1.3881670138138972E-17
0.555,0.0032235092772859943,317.1758145760802,0.17941026821259046,-2.256471776820026E-19
0.555,0.0021367349763974208,315.6876130684516,0.21946446857930885,-8.277016650676106E-18
0.555,0.0014822410361758132,314.6803554041126,0.2441961862835175,-6.418573249414558E-18
0.555,8.277470959542077E-4,313.60874127907044,0.2691260693273225,-4.3450455682351214E-18
0.555,4.908952810295952E-4,313.0384137209949,0.2819101467918367,7.104163234863561E-18
0.555,2.461105164543764E-4,312.6181532040869,0.2912752896023988,-1.307131006665638E-17
0.555,1.1186841657017153E-4,312.3861167261207,0.29655031199824455,4.251545573384567E-17
